tf_code,tf_name,sf_code,sf_name,distance_km
543492,فست فود نانداک,3x15y9,فست فود نانداک,0.013
566636,پیراشکی بخارپز آرین,7jylzg,پیراشکی بخار پز آرین,0.344
586736,پیتزا وساندویچ توپر (برادران قدیم),85ex7y,ساندویچ و پیتزا توپر,0.017
596842,طباخی و کله پزی شهر ما,pom9jk,طباخی شهرما,0.207
2o3l8p,اغذیه کیان,dq7r4x,اغذیه کیان,0.028
5r71x2,تهیه غذای گلچین,pvrw81,گلچین,0.061
5oxo4z,ساندویچ حسین ویچ,325512,فست فود مشهد ویچ,7.152
2k6zzl,ساندویچ شهر پروتئین,l2dx49,ساندویچ سرد شهر پروتئین,5.87
5ww985,کترینگ و رستوران آبتین,0rx9kz,کترینگ و رستوران آبتین,0.219
2gxrzp,کافه رستوران دلیش,znko9o,فست فود و صبحانه دلیش,0.019
5o6xo2,رستوران و کترینگ طهرانی,0j4w86,رستوران و کترینگ طهرانی,0.01
21zxx5,فست فود عمو کاظم,0rw8go,فست فود عمو کاظم,0.2
5wx1w2,رستوران جاودانی,p8yelm,رستوران جاودانی,0.358
2zn8o2,رستوران وثوقی,31l2nk,رستوران وثوقی,0.07
5zlx4g,فست فود ارمیا,pvjgmv,فست فود ارمیا,0.341
2w76y1,فست فود موران,r5qr68,پیتزا وساندویچ موران,0.017
5xw712,تهیه غذای بهار نارنج,p8d6k5,تهیه غذای بهار نارنج,0.213
2r6wwl,ساندویچ ثمین(شعبه شکری),0lg84e,ساندویچ ثمین,0.015
2w9oo2,ساندویچ سرد و گرم متین,0mg2vz,ساندویچ سرد و گرم متین,0.143
533orw,حشمت کباب (شعبه دو),mey5lz,چلو خونه حشمت (شعبه 2),0.134
28zwk2,فست فود زوپیر (فودکورت آبان),3kd96j,فست فود زوپیر,0.057
2k36nz,کره کباب درویشی,09omlq,کره کباب درویشی,0.348
5knmk2,کره کباب رئوف,12j5k7,کره کباب رئوف,0.08
298y85,جگرکی و سیرابی مجید,nnqwlz,جگرکی و سیرابی مجید,0.008
264x32,صبحانه گرم ممیشی,0l9dok,صبحانه گرم ممیشی,0.141
271yg1,رستوران‌پایزانو ,gnkqn2,فست فود پایزانو,0.228
5klo9w,کافه پیراشکی (شعبه دانش آموز),dq5m9d,کافه پیراشکی (شعبه دانش آموز),0.063
266ol9,کافه رستوران رومادو,3775zx,کافه رستوران رومادو (هاشمیه),0.036
2y4rgg,ویل برگر,vx1kgx,ویل برگر (وکیل آباد),1.076
2rpkr2,کباب سلطان (شعبه رضاشهر),3koexq,کباب سلطان (رضاشهر),4.222
59ngx1,کافه غذا ابرا,wd4n8z,کافه غذا ابرا,0.029
58p6lw,کباب سرای رمضانی ,0q57ed,کبابسرای رمضانی (شعبه 1),0.052
29gmp2,ساندویچ میخک (شعبه2),0jn4o6,فست فود میخک,0.057
53o645,کافه رستوران بلک سالت,p5xr1j,بلک سالت (شعبه سجاد),0.733
234w35,چلوخونه حشمت پلاس ,wdz8v8,چلو خونه حشمت (شعبه کوثر),0.047
59x1p8,میلان ویچ ,94xq86,فست فود میلان ویچ,0.028
53w6z5,فست فود نوشین (منتظری),0ykkzm,فست فود نوشین (منتظری),0.241
5oxr16,پیتزا طلائی شعبه ۲,31le4y,فست فود طلایی,0.058
2l1985,غذای ترکمنی مارال (شعبه وکیل آباد),p6jqw6,غذای ترکمنی مارال (شعبه وکیل آباد),1.231
5w3837,ساندویچ پیچ,znv5d1,ساندویچ پیچ,0.095
5gxrk4,چلو کبابی خانم مختاری,qyd119,کباب ذغالی خانم مختاری,0.019
54w6l4,کترینگ دختران آرزو,jyjryv,رستوران دختران آرزو,0.448
5mk1lg,فست فود تمیز,0qqglw,ساندویچ تمیز (شعبه ۱),0.029
5p8r1g,کترینگ صادقیه,p5x2gn,کترینگ صادقیه,0.019
277lyl,کترینگ پلازا,qydlod,کترینگ پلازا,0.081
2x71nm,رستوران آدینه,kl5odq,رستوران آدینه,0.125
2678p5,رستوران جردن ,94wxnn,رستوران و فست فود جردن,0.02
26z462,كترينگ آفتاب,0y75og,کترینگ آفتاب,0.028
51kgyk,پیتزا ساندویچ کش لقمه,dqe8vg,فست فود کش لقمه,0.003
2mym3g,پیتزا هزار و یک شب,kl66ek,فست فود هزار و یک شب,0.161
231npo,ایستگاه کباب,0r6mq8,ایستگاه کباب,0.01
5k648x,رستوران مجد وی آی پی,0wlvv8,چلوکبابی مجد شعبه 4,0.08
54l775,پیتزای گندم,0wzv8q,فست فود گندم,0.003
2k6894,دکتر کافی,6dglve,کافه دکتر کافی,0.365
2o9312,پیتزا ساندویچ شاهان (آسلین سابق),37jmjm,پیتزا ساندویچ شاهان (آسلین سابق),2.892
23zry8,فست فود لاویژ,3k8kzq,کبابی و چلوکبابی لاویژ,0.115
5xgmzy,فودهال گلستان,gn9nqn,فود هال زیست خاور (گلستان),0.077
2nl6zy,ساندویچ جمشید,3e6d92,فست فود جمشید,0.185
2p8rg6,فست فود فرشتگان,dqggo7,ساندویچ فرشتگان,0.008
2ngg45,فست فود شازده,85e49m,کافه فست فود شازده,0.059
2r66z8,طباخی یزدان,po2mok,طباخی یزدان,0.145
58gpp2,پیتزا سیسیلی,p4onmj,پیتزا سیسیلی,0.498
5yr7r2,ساندویچ آرمان,p87rlm,ساندویچ آرمان,0.023
2yoyxw,غذای سنتی سجاد,0l647n,غذای سنتی سجاد,0.011
5g7x3r,کترینگ باباحیدر,7jo8k2,آشپزخانه سنتی بابا حیدر,0.035
5r689p,اغذیه برادران ,me9wqv,اغذیه برادران,0.048
5r63mw,کافه رستوران بوم,3drj5w,رستوران بوم,0.022
5zlk7l,کترینگ رهام,3dm99g,کترینگ رهام,0.023
51y9z6,چلو کباب آرتان,0gomvn,کباب آرتان,0.018
2k3ylp,کباب بابک,0jn2jv,کباب بابک,0.588
238815,کباب سلطان (شعبه سیدرضی),0w94w5,رستوران و چلو کباب سلطان (سیدرضی),0.024
2p8p1y,کترینگ ساسانی,3xoevw,کترینگ ساسانی,0.484
5ngkz2,پیتزا شاهان(شعبه2),p698yg,فست فود شاهان شعبه 2 (معلم),0.017
5o3lz9,پک‌من,l28wg9,پیتزا و سوخاری پک من,0.036
531lgp,شله و حلیم عالی مقام,klwo8q,شله حلیم و آش عالی مقام,0.023
27m6n1,کباب سرای پور احمدی,27z9z2,کباب سرای پوراحمدی,0.035
2p6go2,فست فود کمپ مزه,09o5y6,فست فود کمپ مزه,3.601
5471z8,فست فود وحید ویچ,44lo45,ساندویچ سرد وحید ویچ,0.023
2778op,فست فود ریحون تنوری,dqgg4n,ریحون تنوری( شعبه مرکزی),0.318
5k69km,کافه صبحونه و غذاخونگی پارسا,3kg9en,کافه رستوران پارسا,0.185
2rn862,کترینگ دتر آشپز ,12m9zw,رستوران دتر آشپز,0.022
5knng2,سانچی ساندویچ,dq7yrn,فست فود سانچی,0.066
5k1nl5,کباب ناب چهارراه خسروی,0rk9m9,کباب ناب چهارراه خسروی,0.043
2k33p4,چلو کباب داودی,jy48wg,غذای داودی,0.065
2olmw5,آشپزخانه نوبهاران,p558gv,آشپزخانه نوبهاران,0.176
5xz145,ساندویچ پلاک قدیم,2764yl,فست فود پلاک قدیم,0.011
2k64y8,تیکه آخر (فودکورت مجتمع تجاری آگرین),y1g2lm,تیکه آخر (فودکورت مجتمع تجاری آگرین),0.034
5gymr5,فست فود سه نون,o991dv,ساندویچ سه نون,0.004
23wwz2,فست فود ژاوک,44q8oj,فست فود ژاوک,0.205
5z48px,رستوران صبا,p59qxn,رستوران صبا,0.041
2gx68m,پیتزا ۲۰۰۰,dqr7ww,پیتزا 2000,0.017
5777xk,فست فود قدس,pvokv1,ساندویچ قدس,0.043
5ywzk5,ساندویچ صمدی,0r1r81,ساندویچ صمدی,0.02
2w17og,طباخی قوچ طلایی,3x21mw,طباخی قوچ طلایی,0.01
26zk82,پیتزا آتا,pvr9g5,آتا پیتزا (کوثر شمالی),0.695
2lzm3k,کترینگ آریا پخت مشهد,44zg6y,کترینگ آریا پخت مشهد,0.01
2lw13l,ساندویچ کوالا,0qz5oy,فست فود کوالا,0.007
266nxn,سان ویچ,pve2k1,فست فود سان ویچ,0.025
2mk7lp,رستوران گلریز ملل,322m45,رستوران گلریز ملل,0.02
2mkl7n,ساندویچ نوین,qy1w1d,فست فود نوین,0.028
5myymx,فست فودالماس غرب,12xx9k,فست فود الماس غرب,0.023
2lxo72,فست فود آقای خرچنگ,0wy1zv,فست فود آقای خرچنگ,0.038
5xg7kp,رستوران آجیلیان,0qdxdx,چلو کباب آجیلیان,0.012
2yo7ok,هشتگ سوخاری,qy5dw2,هشتگ سوخاری,0.107
5gmo75,پیتزا شب کوک,097edn,پیتزا شب کوک,0.462
2mk1x7,اغذیه آرامش,gn2yor,اغذیه آرامش,0.039
5po4k2,ساندویچ نیکان,0mrjdo,ساندویچ نیکان,0.022
57o4g5,فست فود آلس پایس,pzjle2,فست فود آلس پایس,0.009
2gygg2,ساندویچ سید,pzdqro,ساندویچ سید,0.029
5rwwnz,کبابسرای ایزدی,12zww2,کباب سرای ایزدی,0.017
2nklkm,فست فود آرزو,6dggwe,ساندویچ آرزو,0.007
57m6l9,فست فود و بریانی پاچین نو,0ylnrr,مرغ بریان پاچین نو,0.039
5837k2,وقت کباب,3dxvrx,وقت کباب,0.035
5o9865,ساندویچ امیر,0leomn,ساندویچ امیر,0.062
2r4382,یووک فوود,94wxnd,فست فود یوک,0.008
24nr9n,ساندویچ رضوان,3dng2g,ساندویچ رضوان,0.097
2p1ox5,کترینگ ایرانی و فرنگی سحر,0n4dwr,کترینگ ایرانی و فرنگی سحر,0.23
27143k,رستوران خاقان,pzmxyj,کترینگ خاقان,0.009
28x832,کبابی بوی سیب,dqmm5g,کباب بوی سیب,0.014
59x1yp,فست فود مک دومینو,85v765,فست فود مک دومینو,0.263
2rwzn5,اغذیه میشا,pvjz9m,فست فود میشا,0.024
2mkpk2,فست فود گلبرگ,3dqjlg,فست فود گلبرگ,0.259
29nkg8,رستوران هتل ارس ,3kqgnq,رستوران هتل ارس,0.039
2w1mk7,فست فود پویا,7joe1x,فست فود پویا,0.021
2yn635,کافه پیتزا چیل,854r8m,کافه فست فود چیل,0.008
5gylk5,كبابسرای بابا حسين,p46k1y,كبابسرای بابا حسين,0.012
5kl4oz,فست فود رئیس (شعبه پارک بازار),p4n6wy,مجموعه غذایی رئیس (پارک بازار),0.091
2ox3ly,ساندویچ سرد عماد,o9ry4v,ساندویچ سرد عماد,0.496
294k8l,کباب ذغالی میزبان,0mzvlo,کباب زغالی میزبان,0.004
5ox37y,ساندویچ دایی اکبر ,3em1yj,ساندویچ دایی اکبر,0.009
26934x,اغذیه محسن,12zzk4,اغذیه محسن,0.007
51l882,فلافل و سمبوسه بهروز,379gg2,فلافل سمبوسه بهروز,0.027
5n74p2,ساندویچ سرد هاشمیه,0gqexx,ساندویچ سرد صابرویچ,0.093
571xp5,قرمه برگر,0m26dv,قورمه برگر (شعبه پیروزی),0.013
5zyok2,فست فود راوک,0mwxky,فست فود راوک,0.02
5g78p5,کباب بهشت,3dmdz7,کباب بهشت,0.02
231r6z, شب کوک(برنسی),dqrlew,فست فود پیتزا شب کوک (برونسی),0.079
2zk4wg,فست فود آذر فود,jy2jkr,فست فود آذر فود,0.003
2x4p3m,فست فود ویکتوریا ,7j6jo9,فست فود ویکتوریا,0.009
28ky3g,کبابی کهن,jygkdg,کبابی کهن,0.054
5r6wg4,پیتزا بوفالو,3x2612,کلبه بوفالو,0.019
5447y5,کافه رستوران هنگام,3eqk7m,کافه رستوران هنگام,0.02
2xgrgr,سیبعلی,7jjq7g,فست فود سیبعلی,0.206
5x496l,رستوران مزه ناب,3kz4mg,کباب مزه ناب,0.032
2r9yp4,فست فود شاه پسند,memqmz,فست فود شاه پسند,0.011
2y4445,پیتزا ساندویچ مونا,6d27qe,پیتزا ساندویچ مونا,0.098
547rm3,کترینگ حیدری ,0nrom8,آشپزخانه و غذای بیرون بر حیدری,0.083
2my7w6,غذای خونگی خوش مزه های کرانه حضور,e59zn2,غذای خونگی خوش مزه های کرانه حضور,0.209
26rzg2,ژامبون سرد ژ,0wn8wz,ژامبون سرد ژ,0.02
2lx372, کباب مظفری,p8rq72,کباب مظفری,0.397
2wrgx5,کیندر فود,442rny,فست فود کیندرفود,0.034
2xg7n8,جوجه کباب پاسارگاد,gnkn2x,جوجه کباب پاسارگاد,0.021
5847o5,فست فود فرنو,0le77k,فرنو,0.324
2w7wx2,کترینگ سران,kljqnj,کترینگ سران,0.005
2omr72,صبحانه بهنام,27q895,صبحانه بهنام,0.347
5m89k2,پیتزا دراگون (جمهوری),wdzyeq,پیتزا دراگون (جمهوری),0.439
2m84l5,فست فود نوشین سجاد,pvrg9x,فست فود نوشین (سجاد),0.013
5mk3g6,کترینگ مهرداد,0wzoz8,رستوران و کترینگ مهرداد,0.031
587nr2,کباب ترکی الماس,0q5x89,کباب ترکی الماس,0.208
271zr2,کترینگ صدرا,0l8go9,کترینگ صدرا,2.626
5y9xx5,فست فود پاراج,095djn,فست فود پاراج,0.301
2ymwk2,کافه رستوران شلمان,3ek17m,پیتزا شلمان,0.037
2pnm12,‌کته کبابی مهران بناب,qy6zy9,کبابسرای مهران,0.125
233mnx,چای خانه فروغ,gnzvxn,چای خانه فروغ,0.132
5w7o14,فست فود افشار,l2jymn,فست فود افشار,0.218
24l8y2,رستوران و کافی شاپ هاوش,pz7lnw,فست فود هاوش,0.012
213wn2,کترینگ پونک,po8r7k,کترینگ پونک,0.815
2lwwwy,رستوران و کترینگ ایلیا,e5zg6j,رستوران و کترینگ ایلیا,0.446
59ngpo,کافه رستوران پاسیو,p6o6wn,کافه رستوران پاسیو,0.285
5kk7x5,ایران کباب,0gwy2n,ایران کباب,0.359
2lwlxr,جگر زغالی آقا مجید باعشق,klwewk,جگر زغالی آقا مجید,0.14
5o1lw5,کپلی برگر سحر,p4q55x,کپلی برگر سحر,0.602
2r6y9x,ساندویچ سفیر,0gney2,فست فود سفیر,0.014
53xpl2,پیتزا ساندویچ جان فود,vxg5gx,پیتزا ساندویچ جان فود,0.027
21y98n,دهکده پیراشکی تنوری,mej49y,دهکده پیراشکی تنوری عمه خانوم,0.009
2p6m98,کلبه سوخاری,o9jjeo,کلبه سوخاری,0.026
5nl3ll,حلیم نیشابوری عطار,0now42,حلیم نیشابوری عطار,0.078
5r4kp5,فست فود گالاتا,p4nroj,ساندویچ نوستالژی گالاتا,0.01
2lz7zk,کترینگ شمس شهریار,32qro5,کترینگ شمس,0.024
29mom2,کافه رستوران شید,dqgmnn,کافه رستوران شید,0.003
2w7w1x,فلافل دانیال,l258qj,فلافل دانیال,0.015
53yxo5,کباب و شله و حلیم میزان,e5l9d5,رستوران و شله پزی میزان,0.009
2zmro5,پیتزا لوکال,nnl5lr,پیتزا تنوری لوکال,0.024
2w1l32,عرفان مزه,0rx7r1,عرفان مزه,0.778
2p6162,کترینگ نعنا,p46kdr,کترینگ نعنا,0.174
2k61k5,کافه سید هاشمی,3dm4gw,کافه سید هاشمی,0.309
2nky79,ژامبون سرد ژ,0wn8wz,ژامبون سرد ژ,0.009
2p83o4,ساندویچ جادوگر غذا,jye2zr,ساندویچ جادوگر غذا,0.229
28kw7o,رستوران کسایی,p6omjn,رستوران کسایی (شعبه 1),0.072
5g1ly5,کباب مجید(شعبه 3 ),p8jex5,کباب مجید شعبه 3,0.037
2my7nz,چلو کبابی مشتی خان ,vxe8nd,کبابی مشتی خان,0.017
2yorr9,فست فود تایم فود,857gmr,فست فود تایم فود,0.012
2r66o8,کباب تابه ای ولیعصر ,31j65y,کبابی ولیعصر,0.093
2137z2,ساندویچ پیتزا کارن,e5eg7o,فست فود کارن,0.042698603
2144k5,کبابسرای چرب و‌چیلی,wde4oz,رستوران چرب و چیلی,0.022847316
21kn48,کافه رستوران دیارا ,jyjxeg,کافه رستوران دیارا,0.042621078
21kpyx,کترینگ گیوه چی,e5owqm,کترینگ گیوه چی,0.010224047
21kzn4,خانه کباب اژدر,wd1q8v,پلو کباب اژدر زاپاتا,0.016913169
21lk75,چلو کباب دشتی,6d2ngo,کباب دشتی,0.034048434
21onrk,فست فود فان فود,gnzzkr,فست فود فان فود,0.016990425
21y8on,فلافلی پهلوان,zn15go,فلافلی پهلوان,0.007823968
21yg8x,رستوران مهدی,27qo25,رستوران مهدی,0.02358581
2333po,سوخاری پز,0yorjy,فست فود سوخاری پز,0.028968322
233gkw,چلو کباب طهرانی,qyelyd,چلو کباب طهرانی,0.017052098
233xog,برگر فلورانس ,12zeok,فست فود فلورانس,0.017965967
23kgr2,کترینگ وغذای آماده کدبانو,12qo1y,کترینگ کدبانو,0.025153768
23kn32,غذای ایران,o9jq2j,کافه غذای ایران,0.117094343
2477o9,اغذیه خیام,p6erwn,اغذیه سرای خیام,0.153333151
24n6lx,کباب و حلیم کد بانو,5o51xw,رستوران کد بانو,0.005359026
24npxw,فست فود و سوخاری کیلویی نفس (شبانه),qyl4dx,فست فود و سوخاری کیلویی نفس (شبانه),0.0181882
24nrxn,کباب باشی,dq7dmx,کباب باشی,0.033170862
24wo17,رستوران دربار,27z74d,رستوران دربار,0.256019228
266mmp,مجموعه غذایی بهشت,0nr548,مجموعه غذایی بهشت,0.011658363
269gy8,فست فود ژیکا,wd4z88,فست فود ژیکا,0.03866562
269y37,کافه صبحانه شی,6d7ml6,صبحانه چی,0.015178566
269y4k,جیگرمیگر,7j9v7x,طباخی جیگر میگر,0.010989585
26r8m3,فست فود چرب و چیلی,0wxqg5,پیتزا ساندویچی چرب و چیلی,0.02466835
26rrwl,کباب سرای بهشت,0m6mer,کباب بهشت,0.48820533
2719o4,رستوان چایخانه ایران,r5qrx1,کافه صبحانه چایخانه ایران,0.036096703
2777lk,کباب زغالی سلطان ,y1rdxy,کباب و جگر ذغالی سلطان,0.048775113
277l8o,کافه کارآفرینی اهالی,y1jn5y,کافه اهالی,0.014865225
277o93,ویل برگر,jymkog,وال برگر,0.06451805
277y78,کترینگ و غذای آماده سیدالشهدا,37z7rg,کترینگ سیدالشهدا,0.020582196
27mkz3,فست فود و فلافل محمد,94jxqd,فلافل کنجدی محمد,0.002231115
286468,فست فود لقمه طلایی,0mn1xq,فست فود لقمه طلایی,0.030277335
286pml,مستر فود,kl9d7k,مستر فود,0.011155377
286yzm,آشپزخانه کامیاب,444vzr,کبابسرای کامیاب (گوشت کامیاب),0.498632179
28kwn6,پیتزا ساندویچ مقدم ,r5e4dz,فست فود مقدم,0.056962979
28z4m2,فست فود و کباب ترکی لوتینو (فودکورت آبان),85d1x5,فست فود لوتینو (بیتا سابق هاشمیه),0.021466695
294g85,چلو کباب دشتی,6d2ngo,کباب دشتی,0.004194971
296my5,ساندویچ ترنج,0rlmg1,فست فود ترنج,0.091493272
29n88g,کباب سرای احمدآباد,375nrn,کباب سرای احمد آباد,0.016874485
29nwrz,فست فود بهار,vxg4ev,اغذیه بهار,0.05127732
29pr15,کافه رستوران گل شمعدانی (گرانیوم),l2jkzz,کافه رستوران گرانیوم,0.032222809
29xn6m,طباخی گلستان ,l2j2oe,طباخی گلستان,0.086239895
29xwnl,فست فود سردویچ,5ozmdx,ساندویچ سرد سردویچ,0.015918629
2g7gmz,رستوران و فست فود دانش,7jwqgg,مجموعه غذایی دانش,0.012833426
2g7o38,کترینگ هتل آبتین,85ozky,کترینگ آبتین,0.055407264
2gmxm2,فست فود خانگی دلیشز,5or2dn,فست فود دلیشز,0.025439701
2gn185,پیتزا پانا,09zdgq,رستوران پانا,0.004170556
2gx96z,ساندویچ سام ویچ,p6xvln,ساندویچ سرد سامویچ,0.014464716
2gxgzy,ساندویچ سرد حسام,442dd5,فست فود حسام,0.035194505
2k366l,فست فود کاواک,klnrln,فست فود کاواک,0.020651497
2k3ln1,سوخاری کیلویی369,44gmon,سوخاری کیلویی 369,0.011039734
2k3zwy,کترینگ مزینو,44d7zn,رستوران مزینو,0.079236894
2k697z,رستوران جاودانی,p8yelm,رستوران جاودانی,0.101113046
2kl76l,رستوران دیوان,nnqqk8,رستوران دیوان,0.008607399
2l88m2,مجموعه غذایی عموحسین ,dqvk5n,رستوران عمو حسین,0.031875491
2l9zl5,کترینگ ریحون,xdwjw2,کترینگ ریحون,0.181304824
2ll6km,فست فود ژاو,5o2n4j,فست فود ژاو,0.050412712
2llw1x,مجموعه غذایی شاهرخ ,xdrzo9,مجموعه غذایی شاهرخ,0.078452481
2lxly2,فست فود نارمک,32rwv2,ساندویچ نارمک,0.006149656
2m4ng5,سوخاری کیلویی,447dkn,سوخاری کیلویی,0.052327618
2mk682,کباب سلطان (شعبه اصلی),3koexq,کباب سلطان (رضاشهر),0.030881658
2mk99g,اغذیه فلافل بریز و بپاش,gn2oqn,فلافلی بریز و به پاش,0.24331559
2mkk7m,ساندویچ سرد پروویچ,dqqlgg,ساندویچ سرد پروویچ,0.00716426
2mm4zn,فست فود گندم طلایی,32yl7d,رستوران گندم طلایی,0.056065936
2mw3n2,پیتزا 1+3,y1y45r,پیتزا 1+3,0.275343233
2mygok,رایمون,o9jzek,فست فود رایمون,0.009356982
2n1915,رستوران و کترینگ ته دیگ خوران,pvlxev,رستوران و کترینگ ته دیگ خوران,0.016351095
2nkwp7,فلافل و پیتزا آبادان ,e5z55m,فلافلی آبادان,0.015786977
2nl6yz,اغذیه بانوویچ,27xz6d,فست فود بانو ویچ,0.218411279
2nr7r2,پیتزا ساندویچ تندوری,xdg9zw,فست فود تندوری,0.04790747
2o1m6y,دنر ترک,mej5xo,فست فود دنر ترک,0.019124107
2o1nl7,اغذیه وحدت,3dnlmx,ساندویچ وحدت,0.012715043
2o1owl,کترینگ اقا بزرگ,7j9wzm,کترینگ آقا بزرگ,0.021402335
2o319z,کترینگ نگار (واگذار شده),kl7d6o,کترینگ نگار,0.025893402
2o39ol,کافه رفقا,5o2zxv,کافه سنتی رفقا,0.067513577
2o3xym,مونآمور,kl9olg,کافه رستوران مون آمور,0.011115299
2ox9po,فلافل اهواز سیتی ,r5q8z1,ساندویچ اهواز سیتی,0.008047049
2oxgrw,فست فود پلتفرم ایران,nnw8er,کافه رستوران پلتفرم ایران,0.030295228
2oxn4p,کباب سلطان (تلگرد),me95qq,کبابی سلطان,0.023510193
2oxwp6,پیتزا آتا(شعبه معلم),qy1gnw,پیتزا آتا (وکیل آباد),0.092112372
2p333y,سردویچ خاندایی ,12jxx2,ساندویچ سرد خاندایی,0.018441284
2p3gyw,کترینگ کارن,jy2z5q,کترینگ کارن,0.039388685
2p3opy,فست فود کال فود,gngqy2,فست فود کال فود,0.015328986
2p3z3z,رستوران افخمی,gnyy6x,رستوران افخمی,0.031230565
2p87k6,رستوران والا,85gggr,کترینگ والا,0.052633216
2p8g78,رستوران میثم,l2e8gk,رستوران میثم,0.054829302
2pl1l2,اغذیه برگ سبز,pz265w,پیتزا ساندویچ برگ سبز,0.03557437
2r6gz7,کترینگ فردی,qylvzw,غذای آماده فردی,0.025499797
2r8lg2,کته کبابی حسن رشتی,44g9jj,رستوران کته کباب حسن رشتی,0.070343498
2rllp2,رستوران ارغوان,p56y7e,رستوران ارغوان,0.011139541
2rw34m,فست فود یاس 2,r5ekjz,پیتزا و ساندویچ یاس 2,0.055968711
2w1386,فست فود مروارید,94j9vk,فست فود مروارید,0.02242557
2w1xm6,کباب سید امیر,jym26r,کباب سید امیر,0.011801081
2w1y77,شهر غذای هانی,vxgzgv,شهر غذای هانی,0.066119148
2w1zpn,فست فود کیان,9479qy,اغذیه کیان,0.010894928
2w31pr,ساندویچ معرکه,p6g2g6,فست فود معرکه,0.007338875
2w3817,ویل برگر (وکیل آباد),vx1kgx,ویل برگر (وکیل آباد),0.020022927
2w71g9,رستوران سراشپزسعادتی,gnlv9x,رستوران سرآشپز,0.011453443
2w9kk2,رستوران طوسی (آبکوه),0rxe2z,رستوران طوسی (آبکوه),0.013770531
2x49o9,چلو کبابی مینا,0rv5j9,رستوران مینا,0.037066125
2xg444,سوخاری کیلویی آوان ,e52jdm,سوخاری آوان,0.021393874
2y4ypy,اغذیه بلوط ,44j85x,اغذیه بلوط,0.026731855
2ym9mg,کترینگ طلایی ,85e6k5,کترینگ طلایی,0.055032388
2yww42,کترینگ امید,85owvm,کترینگ امید,0.088252227
2z3ww5,شبهای بغداد,jyj6qr,فست فود شبهای بغداد,0.017106007
2z41zn,طباخی صیاد,12q6y7,شکلات درباری (صیاد),0.033078581
2z4op3,ساندویچ امیر (شعبه مرکزی),r5qj18,ساندویچ امیر (شعبه مرکزی),0.091227636
2zk4l3,ساندویچ آوان,l2mx9z,فست فود آوان,0.012968486
2zk64o,اغذیه رضا,o9yonj,اغذیه رضا,0.412423136
2zkky9,پیتزا پونه,qy186d,پیتزا پونه,0.082329299
2zkm8k,میرزابرگر,kl7eyn,میرزا برگر,0.010510549
2zkwno,کترینگ پلو پلاس,94jw6y,کترینگ پلوپلاس,0.011860842
2zlo44,کترینگ صیاد (شعبه 2),wd4edz,تهیه غذای صیاد,0.013550793
2zoym5,فست فود آقای پیراشکی,1247o2,فست فود آقای پیراشکی,0.043080892
2zrp92,تهیه غذای گلچین,pvrw81,گلچین,0.033762787
51k9no,ساندویچ ترخون,r5olw8,فست فود ترخون,0.020821546
51krow,فست فود کپل,kljlrq,ساندویچ کپل,0.048038702
51o7g1,کترینگ ترنج,6dgmw6,کترینگ ترنج,0.007674954
51onyx,رستوران و فست فود رنجبر,o96m9q,کافه فست و فود رنجبر,0.01884775
51ykyk,فست فود جزیره ,jyj1rq,فست فود جزیره,0.017661418
53133z,کبابی عبدالهی شعبه 4,3kozwk,کبابی عبدالهی شعبه 4,0.023472102
531pg6,فست فود احسان,3dx2j7,اغذیه احسان,0.046939671
533wwk,رستوران پاشالانژ,nnqw8z,رستوران پاشالانژ,0.031147965
533wy8,پیتزا برشته,zndnnw,فست فود برشته,0.009432126
53yro5,فست فود آتادا,gnnd1n,ساندویچ سرد و گرم آتادا,0.015618219
53z3zk,فست فود دهه هشتاد شعبه هاشمیه,6dz48e,فست فود دهه هشتاد (شعبه هاشمیه),0.022173476
53z4gl,کافه پیتزا ابرش,94l7qn,پیتزا ابرش,0.014749214
54nkg8,فست فود آقای گرد,32dgj2,فست فود آقای گرد,0.012096024
54nrpk,کافه لونا,mey9zy,کافه لونا,0.007620326
54nwr1,ساندویچ ولیعصر ,5oo41n,اغذیه ولیعصر,0.051436133
566997,چلو کبابی ثمین,3xmq14,کباب ثمین,0.014161468
567zp2,فست فود ایستگاه,37wye9,ایستگاه سیب زمینی,0.045482601
5693yr,کبابی عارف,p4o8jj,فست فود عارف,0.186670448
56961m,فست فود آرام برگر ,xd59z2,فست فود آرام برگر,0.009293248
569kkp,پیتزا چارخونه,klog6o,پیتزا چهار خونه,0.030159246
56gny2,اغذیه حامد,pzxv22,فست فود حامد,0.023904668
56ry7m,دیزی سرای بهارستان,0jv6yg,سنتی سرای بهارستان,0.09798811
56rykg,فست فود فلافل ملافل ,zn942o,فلافل ملافل,0.03128848
571m76, کبابسرای یاس,0wlykg,کره کباب یاس,0.097112902
571p6y,رستوران ایتالیایی سانسوریا ,xdwk16,فست فود ایتالیایی سانسوریا,0.003987051
577l98,پیتزا فست فود برگر طلایی,mem8dq,پیتزا ساندویچ برگر طلایی,0.054532256
57mgy1,رستوران آریا,gnkoyr,رستوران آریا,0.293832208
57mm3p,کافه املت حاج عباس,7j9yln,کافه صبحانه حاج عباس,0.050992689
57mm78,کبابی سمانه,p5rdrn,کباب سمانه (بهشت2),0.031235987
58knyy,سوخاری کیلوی مطهری,5o5xoj,سوخاری جوجو (مطهری),0.00895704
58pkml,پیتزا پاندا,0wmo68,فست فود پاندا,0.041099057
58pkrx,فست فود جواد,klv9qo,فست فود جواد,0.202741327
59447y,کافه کباب امیر علی ,0lmxjj,کافه کباب امیرعلی,0.053108941
59n1x7,فست فود هنسی,e5wqlv,هنسی سوخاری,0.006315461
59n3l1,غذا خونگی نلین,o9ygmo,کافه غذا نلین,0.021500151
59n74n,حلیم وشله شادیاخ,32wewd,حلیم شادیاخ,0.017262218
59nx1k,کافه رستوران هفت چنار ,l2gdr9,کافه رستوران هفت چنار,0.679890452
59nxw4,کافه رستوران روناز,y1927n,فست فود روناز,0.500500421
59xxyo,رستوران کره ای چاپستیک,o9oo1v,فست فود چاپستیک (فودکورت کیان سنتر 2),0.028477411
5g78o1,کباب ترکی سالار,0rvmqz,کباب ترکی سالار,0.031255381
5g9rp7,جگرکی بابایی,znd9je,جگرکی بابایی,0.014033761
5go8g5,ساندویچ انفجار,0wnor5,اغذیه امیر انفجار,0.014813937
5gxr14,کترینگ دژاوو,nnd2vz,کترینگ دژاوو,0.014430538
5k1kw5,فست فود نسیم,854mdm,فست فود نسیم,0.012539282
5k33ro,برگز زغالی قاسمی,gn91nm,زغالی برگر قاسمی,0.006570529
5k33x4,ساندویچ سرد ویان,mejwny,ویان پروتئین,0.009715941
5k36nl,فست فود اسپرو,gng7dm,کافی فود اسپرو(سیکلامن سابق),0.014437536
5k63k1,کافی شب,5owe6j,کافه فست فود شب,0.016679255
5k6zyz,مزرعه ساندویچ,klj2kn,فست فود مزرعه,0.044396694
5kl88l,فست فود پارمجانو,vxe4rv,فست فود پارمجانو,0.008173249
5klgxx,آشکده آقاداوودشله مشهدی,y1j75y,آشکده آقا داوود,0.067688876
5klw4m,سون,mey92r,فست فود سون,0.058324771
5lzy11,کافه فست فود خوش خور,nndy66,ساندویچ خوش خور,0.041484479
5m36p5,رستوران عالی دربار,y19g1y,کترینگ عالی دربار,0.111604833
5m3xr5,مجموعه غذایی ریحون,0q2g2x,کترینگ ریحون,0.026897013
5m7475,کترینگ رنگین کمان,0j4l46,کترینگ رنگین کمان,0.035147291
5mk9x7,فست فود کاکتوس ,l25mye,فست فود کاکتوس,0.014131994
5myomr,ایتالیایی فوکاچا,12xl7y,فوکاچا ساندویچ,0.020662796
5nkr84,کباب سلطان ,dqevow,کباب سلطان (امامت),0.02654446
5nl38w,رستوران مینا,0rv5j9,رستوران مینا,0.008316754
5nlmln,کافه رستوران باران,r5yvzv,کافه رستوران باران,0.091362159
5nx3po,رستوران امیدوار,xd5qk6,کباب سرای امیدوار,0.021693269
5nx3zo, کافه رستوران موژان,kljqqn,فست فود موژان,0.02518871
5o14rk,کباب سلطان,gnooqm,رستوران و کبابی سلطان,0.008905151
5o1k1x,فست فودسنسو,y1g8qg,فست فود سنسو,0.025417033
5o3mpo,پیتزا امپراطور,0lq4nj,فست فود امپراطور,0.002569006
5o3rpn,خانه پیتزا,p5jjkv,خانه پیتزا,0.021016635
5o6l32,ساندویچ شب کوک,e5qklm,فست فود شب کوک,0.093569641
5p3xww,سوخاری کیلویی اسی فود,vxqjr5,پیتزا و سوخاری اسی فود,0.006538354
5r68oy,شاهگوش,e52zj5,طباخی شاهگوش,0.040432361
5r698y,مرغ بریان پاچینو,0ylnrr,مرغ بریان پاچین نو,0.031614172
5r981n,سفره خانه بهارستان ,xdw2gy,رستوران بهارستان,0.012474714
5r9k1y,کباب مطهر,0971vq,اغذیه مطهر,0.008733561
5r9lxl,فست فود داریوش ,o96wnq,اغذیه داریوش,0.076571932
5r9m7p,رستوران میعاد,qyl6md,رستوران میعاد,0.015871751
5rw3mm,ساندویچ مستر,85e7ey,مستر فود,0.001429697
5rw46n,ساندویچ تمیز,0qqglw,ساندویچ تمیز (شعبه ۱),0.001983521
5rw6wp,فست فود۳۱۵,dqv2og,فست فود 315,0.123192611
5rwz12,فست فود بلوط,0yx4em,فست فود بلوط,0.15448286
5rwz8p,اغذیه آلفا,l2582k,فست فود الفا,0.023701761
5rwzxr,رستوران و کترینگ نیاوران,0j9gdr,رستوران نیاوران,0.214637429
5w1349,سوخاری کرانچیک,27xov2,سوخاری کرانچیک,0.034748872
5w1m7g,رستوران و مطعم جاودانی,p8yelm,رستوران جاودانی,0.043200767
5w1n1r,کبابسرای صادق,85o5y2,کبابسرای صادق,0.033012309
5w31gw,فست فود کلبه,o966g8,کافه رستوران کلبه,0.056815444
5w7m16,رستوران باربادوس,6dvdyo,فست فود باربادوس,0.017059119
5w7x9k,تشریفات شمیم لبنان,12zzz2,رستوران شمیم لبنان,0.019969793
5wkll5,ساندویچ آرسس,12q8lw,فست فود آرسس,0.050597489
5ww6g5,پیتزا فول مون ,klnw5g,پیتزا فول مون,0.00415183
5x4869,خانه دیس کباب,xdg759,خانه دیس کباب,0.063761727
5x4yy7,رستوران کوپال سوخاری,27zjwl,فست فود کوپال سوخاری,0.001563989
5x6nl5,چلو کبابی سید و پسران,p4or25,کباب سرای سید و پسران,0.10668095
5x74x3,چلوکباب هاتف,0y6grn,کباب هاتف,0.019695292
5xmg42,پیتزاساندویچ نسیم,0qvjoy,فست فود نسیم,0.008975539
5ymw69,رستوران دوفصل و نیم,o96voq,کترینگ دو فصل و نیم,0.013976843
5ymz8m,فینگرفود پاپیچ,94ejx6,فینگر فود پاپیچ,0.009977481
5yo6l9,ساندویچ ۱۰۰ مزه,85gykr,ساندویچ 100مزه (شعبه سید رضی),0.032002555
5yol8k,کترینگ سرو,3d49ew,کترینگ سرو,0.010814525
5ywnk5,کترینگ و رستوران طهران اصیل,nnqlm2,رستوران طهران اصیل,0.066108926
5z4pky,فست فودشف,27q6ge,پیتزا شف,0.003133627
5z4z3l,کترینگ لادن,e5e5o2,رستوران لادن,0.002768159
5zknok,فست فود رئیس (شعبه هفت تیر),pvymyd,فست فود رئیس,0.007676381
5zkyg7,پیتزا سیتارا,0wz2q8,پیتزا سی تارا,0.04109665
5zlylw,ساندویچ سرد ماه جان (دهکده پروتئین),wd9ny5,ساندویچ سرد ماه جان (دهکده پروتئین),0.04783385
5zmmo2,رستوران و کترینگ خانی,p59eyn,رستوران و کترینگ خانی,0.062424183
217xr2,کترینگ ظفر,31ljmy,کترینگ ظفر,0.064360236
21lk75,چلو کباب دشتی,6d2ngo,کباب دشتی,0.034048434
21op39,پیتزا تندوری طرقبه,6dggnw,پیتزا تندوری,0.007922664
21yg8x,رستوران مهدی,27qo25,رستوران مهدی,0.02358581
2333po,سوخاری پز,0yorjy,فست فود سوخاری پز,0.028968322
233gkw,چلو کباب طهرانی,qyelyd,چلو کباب طهرانی,0.017052098
233mk4,کترینگ نگار,kljj1j,غذای سنتی نگار,0.024418011
23kgr2,کترینگ وغذای آماده کدبانو,12qo1y,کترینگ کدبانو,0.025153768
2477o9,اغذیه خیام,p6erwn,اغذیه سرای خیام,0.153333151
24l8y2,رستوران و کافی شاپ هاوش,6d2e5e,هاوش برگر,0.008386198
24nrxn,کباب باشی,dq7dmx,کباب باشی,0.033170862
2696rl,رستوران قصر درویش,3168o7,رستوران قصر درویش,0.01081706
269gy8,فست فود ژیکا,wd4z88,فست فود ژیکا,0.03866562
271knz,رستوران عبداللهی,0wdxv8,رستوران و کترینگ عبداللهی,0.127404862
2778op,فست فود ریحون تنوری,dqgg4n,ریحون تنوری( شعبه مرکزی),0.317827527
27m8oz,کترینگ قائم (عج),mey1kv,کترینگ قائم (عج),0.023365586
28pl3m,کباب طوری,vxe9jm,کباب طوری,0.008987483
29484n,کافه رستوران آبنوس,r5q611,فست فود آبنوس,0.239396961
294p13,رستوران لادن,e5e5o2,رستوران لادن,0.002768159
296my5,ساندویچ ترنج,0rlmg1,فست فود ترنج,0.091493272
29xn6m,طباخی گلستان ,l2j2oe,طباخی گلستان,0.086239895
29xn8x,رستوران میثم,l2e8gk,رستوران میثم,0.051750356
2gx338,کباب سلطان,32l6d5,کباب سلطان,0.065718794
2gxz9k,ساندویچ سرد امپراطور,0q2929,ساندویچ سرد امپراطور,0.016004435
2k366l,فست فود کاواک,klnrln,فست فود کاواک,0.020651497
2k63ow,جگرکی بابایی,znd9je,جگرکی بابایی,0.290270964
2k697z,رستوران جاودانی,p8yelm,رستوران جاودانی,0.101113046
2llw1x,مجموعه غذایی شاهرخ ,xdrzo9,مجموعه غذایی شاهرخ,0.078452481
2mkonw,رستوران حسینی,6d2vqw,رستوران حسینی ( شعبه سید رضی),0.011553757
2mygok,رایمون,o9jzek,فست فود رایمون,0.009356982
2n1915,رستوران و کترینگ ته دیگ خوران,pvlxev,رستوران و کترینگ ته دیگ خوران,0.016351095
2nkng5,رستوارن و غذای آماده بهشت,3e6knv,رستوران بهشت,0.071627182
2o1m6y,دنر ترک,mej5xo,فست فود دنر ترک,0.019124107
2o319z,کترینگ نگار (واگذار شده),kl7d6o,کترینگ نگار,0.025893402
2o34mg,اغذیه آتش,pvzejd,فست فود آتش,0.005376204
2o34xy,فودکورت 21,jyj5zg,فودکورت 21,0.013041301
2o39ol,کافه رفقا,5o2zxv,کافه سنتی رفقا,0.067513577
2p38ym,ساندویچ نوستالژی گالاتا,p4nroj,ساندویچ نوستالژی گالاتا,0.010226077
2p3gyw,کترینگ کارن,jy2z5q,کترینگ کارن,0.039388685
2p3opy,فست فود کال فود,gngqy2,فست فود کال فود,0.015328986
2p3z3z,رستوران افخمی,gnyy6x,رستوران افخمی,0.031230565
2p61km,رستوران ساوا,wdj4gg,کافه رستوران ساوا,0.064691177
2p8g78,رستوران میثم,l2e8gk,رستوران میثم,0.054829302
2p8o4l,فست فود معین بروستد,5owz6v,فست فود معین بروستد,0.009334122
2p8p1y,کترینگ ساسانی,3xoevw,کترینگ ساسانی,0.024240626
2pgxo5,رستوران و فست فود ضامن آهو ,444lr5,کترینگ ضامن آهو,0.270199584
2plgw2,فست فود ونک,3xemx9,فست فود ونک,0.013358701
2po3p5,کترینگ سیدالشهدا,37z7rg,کترینگ سیدالشهدا,0.030427556
2rp6n2,کباب سلطان شعبه ۳,321m9e,کباب سلطان شعبه ۳,0.005926893
2w1386,فست فود مروارید,94j9vk,فست فود مروارید,0.02242557
2w1xm6,کباب سید امیر,12z7o2,کافه دلاسه,0.539283405
2w1y77,شهر غذای هانی,vxgzgv,شهر غذای هانی,0.066119148
2w3wg3,رستوران آقا بزرگ,0mrr8r,کترینگ آقا بزرگ,0.060002637
2w71g9,رستوران سراشپزسعادتی,gnlv9x,رستوران سرآشپز,0.011453443
2w7pkw,کترینگ۴۰۳۰,kljqlk,کترینگ 4030,0.037180214
2w9772,کبابی نارنج,nn5rn6,کترینگ کباب نارنج,0.033478753
2x41n2,کترینگ ققنوس طلایی,095rwy,کترینگ ققنوس طلایی,0.0155259
2x49o9,چلو کبابی مینا,0rv5j9,رستوران مینا,0.037066125
2x77m1,رستوران باباصفا‌‌‌,dq5j4x,رستوران بابا صفا,0.044217452
2x77rr,مرغ بریان احسان توس(وکیل اباد),p5em6n,مرغ بریان احسان توس,0.002108702
2x7yyw,فست فود پروما,zn11j1,فست فود پروما,0.018965197
2ym9mg,کترینگ طلایی ,85e6k5,کترینگ طلایی,0.055032388
2z3ww5,شبهای بغداد,jyj6qr,فست فود شبهای بغداد,0.017106007
2z4op3,ساندویچ امیر (شعبه مرکزی),r5qj18,ساندویچ امیر (شعبه مرکزی),0.091227636
2zkky9,پیتزا پونه,qy186d,پیتزا پونه,0.082329299
2zllrg,کبابی قاشق مسی,0wmroz,کبابی قاشق مسی,0.020690971
2zmro5,پیتزا لوکال,nnl5lr,پیتزا تنوری لوکال,0.024150233
2zoym5,فست فود آقای پیراشکی,1247o2,فست فود آقای پیراشکی,0.043080892
2zxn72,سوخاری کیلویی جوجه خروس,vx1l11,سوخاری کیلویی جوجه خروس,0.01684275
51knp8,کبابی بهار ,dqvzld,ساندویچ بهار,0.096722077
51m965,رستوران تاج محل,3eyjvo,رستوران تاج محل,0.051352071
51mm75,کباب محمود,3kq82n,کباب محمود,0.154357786
51o7g1,کترینگ ترنج,6dgmw6,کترینگ ترنج,0.007674954
51onyx,رستوران و فست فود رنجبر,o96m9q,کافه فست و فود رنجبر,0.01884775
51ykyk,فست فود جزیره ,jyj1rq,فست فود جزیره,0.017661418
53133z,کبابی عبدالهی شعبه 4,3kozwk,کبابی عبدالهی شعبه 4,0.023472102
531lgp,شله و حلیم عالی مقام,klwo8q,شله حلیم و آش عالی مقام,0.022946772
533lgw,پیتزا لوتینو,85d1x5,فست فود لوتینو (بیتا سابق هاشمیه),0.044340636
533wwk,رستوران پاشالانژ,nnqw8z,رستوران پاشالانژ,0.031147965
53kxr5,کباب نون و ریحون,p8ym45,کباب نون و ریحون,0.015986912
53z3zk,فست فود دهه هشتاد شعبه هاشمیه,6dz48e,فست فود دهه هشتاد (شعبه هاشمیه),0.022173476
546yn5,پیتزا فول مون,klnw5g,پیتزا فول مون,0.013277862
54np4w,فست فود شب کوک,nnqdxv,فست فود شب کوک,0.268858971
54w9wm,رستوران گنبد طلایی,447wox,رستوران گنبد طلایی,0.024918378
54wzn2, سلام ساندویچ,322g75,فست فود سلام ساندویچ,0.024367987
56961m,فست فود آرام برگر ,xd59z2,فست فود آرام برگر,0.009293248
56ry7m,دیزی سرای بهارستان,0jv6yg,سنتی سرای بهارستان,0.09798811
56rykg,فست فود فلافل ملافل ,zn942o,فلافل ملافل,0.03128848
5777xk,فست فود قدس,pvokv1,ساندویچ قدس,0.042669569
57kxm5,فست فود ترمه,0qm51d,فست فود ترمه,0.008964945
57m6l9,فست فود و بریانی پاچین نو,0ylnrr,مرغ بریان پاچین نو,0.039038423
59n6p6,کباب سرای عموعلی,o9jr1q,کباب سرای عمو علی,0.016226873
59nx1k,کافه رستوران هفت چنار ,l2gdr9,کافه رستوران هفت چنار,0.679890452
5g78o1,کباب ترکی سالار,0rvmqz,کباب ترکی سالار,0.031255381
5g7rzg,کباب سرای دل مزه,memvzv,چلو کباب دل مزه,0.006998737
5g9rp7,جگرکی بابایی,znd9je,جگرکی بابایی,0.014033761
5go8g5,ساندویچ انفجار,0wnor5,اغذیه امیر انفجار,0.014813937
5gxr14,کترینگ دژاوو,nnd2vz,کترینگ دژاوو,0.014430538
5k38mk,مجموعه غذایی مون,vxg21d,مجموعه غذایی مون,0.046119587
5k6rx2,اغذیه مطهر,0971vq,اغذیه مطهر,0.008733561
5kl88l,فست فود پارمجانو,vxe4rv,فست فود پارمجانو,0.008173249
5l1832,کباب سلطان شعبه دانشجو,3k82yn,کباب سلطان شعبه دانشجو,0.161015588
5lw981,فست‌فود چی,gnrxmr,فست فودچی,0.015968106
5lwrro,فست فود سجاد ویچ ,qyre89,سجاد ویچ,0.397329528
5m4n72,کبابسرای بهشت,p8kw45,کباب سرای بهشت,0.111637423
5m7475,کترینگ رنگین کمان,0j4l46,کترینگ رنگین کمان,0.035147291
5mk1lg,فست فود تمیز,0qqglw,ساندویچ تمیز (شعبه ۱),0.029109174
5mk365,آقای ساندویچ,0yj17r,فست فود آقای ساندویچ,0.037585357
5mm3r4,رستوران هتل زمزم 2,pv1gmv,رستوران هتل زمزم 2,0.065415118
5myrw1,فست فود زیتون,5oz9vv,فست فود زیتون,0.652707921
5n4z95,میدنایت برگر,0ggmgm,میدنایت برگر,0.054417079
5ng6z2,ساندویچ سرد صفا,p5g5ze,ساندویچ صفا,0.018257965
5nkr84,کباب سلطان ,dqevow,کباب سلطان (امامت),0.02654446
5nl91l,اغذیه مظفر,0qnegx,اغذیه مظفر,0.035614811
5nllx4,کباب ترکی و فست فود مک موری,y1vj9g,کباب ترکی و فست فود مک موری,0.100919457
5nlmln,کافه رستوران باران,r5yvzv,کافه رستوران باران,0.091362159
5nx3zo, کافه رستوران موژان,kljqqn,فست فود موژان,0.02518871
5nx4xz,مستر فود,85e7ey,مستر فود,0.097095648
5nxz48,کافه صبحانه و ساندویچ سولان,85ey2m,صبحانه و فست فود سولان,0.106739466
5o13n5,فست فود برگ سبز,321qve,فست فود برگ سبز,0.073226287
5o1k1x,فست فودسنسو,y1g8qg,فست فود سنسو,0.025417033
5o3rpn,خانه پیتزا,p5jjkv,خانه پیتزا,0.021016635
5p31x1,ساندویچ سرد برادران ده باشیان,y19krd,ساندویچ سرد برادران ده باشیان,0.125854696
5p38pm,کترینگ صالحی,0n6n8r,کترینگ صالحی,0.033073573
5w1349,سوخاری کرانچیک,27xov2,سوخاری کرانچیک,0.034748872
5w1n1r,کبابسرای صادق,85o5y2,کبابسرای صادق,0.033012309
5w7l1g,فست فود ویچ پیچ,e5owdo,ساندویچ ویچ پیچ,0.014265306
5x41kg,شله و حلیم وارنا,o95qxo,شله و حلیم وارنا,0.260513431
5x4869,خانه دیس کباب,xdg759,خانه دیس کباب,0.063761727
5ymw69,رستوران دوفصل و نیم,o96voq,کترینگ دو فصل و نیم,0.013976843
5yol8k,کترینگ سرو,3d49ew,کترینگ سرو,0.010814525
5yowxo,طباخی شاهگوش,e52zj5,طباخی شاهگوش,0.040432361
5ywnk5,کترینگ و رستوران طهران اصیل,nnqlm2,رستوران طهران اصیل,0.066108926
5z4p65,اغذیه امیر انفجار,0wnor5,اغذیه امیر انفجار,0.028722508
5zknok,فست فود رئیس (شعبه هفت تیر),pvymyd,فست فود رئیس,0.007676381
5zlylw,ساندویچ سرد ماه جان (دهکده پروتئین),wd9ny5,ساندویچ سرد ماه جان (دهکده پروتئین),0.04783385
5zmmo2,رستوران و کترینگ خانی,p59eyn,رستوران و کترینگ خانی,0.062424183
5zrz95,کافه صبحانه ایرونی,27mmd5,کافه صبحانه ایرونی,0.030935549
21lk75,چلو کباب دشتی,6d2ngo,کباب دشتی,0.034048434
21olog,آشکده کاکو شیرازی ,nnd9vv,آبمیوه بستنی کاکو شیرازی,0.043403137
21x8l5,جگرکی کوثر,37vnox,جگرکی کوثر,0.059798708
269k43,غذای اماده رضایی,5oz7oe,کترینگ رضایی,0.084647168
26x412,کباب و حلیم قجری ,44q95x,کباب قجری,0.03668061
27143k,رستوران خاقان,pzmxyj,کترینگ خاقان,0.0094922
277o93,ویل برگر,jymkog,وال برگر,0.06451805
286468,فست فود لقمه طلایی,0mn1xq,فست فود لقمه طلایی,0.030277335
293w82,فست فود دیوان,kljx2n,فست فود دیوان,0.00784085
296my5,ساندویچ ترنج,0rlmg1,فست فود ترنج,0.091493272
29x67x,رستوران رضاشاهان (هنرستان),l2m5vn,رستوران شاهان شعبه ۴ (هنرستان),0.009286382
2g7o38,کترینگ هتل آبتین,85ozky,کترینگ آبتین,0.055407264
2k63ow,جگرکی بابایی,znd9je,جگرکی بابایی,0.290270964
2k697z,رستوران جاودانی,p8yelm,رستوران جاودانی,0.101113046
2mygok,رایمون,o9jzek,فست فود رایمون,0.009356982
2o319z,کترینگ نگار (واگذار شده),kl7d6o,کترینگ نگار,0.025893402
2o39ol,کافه رفقا,5o2zxv,کافه سنتی رفقا,0.067513577
2p8g78,رستوران میثم,l2e8gk,رستوران میثم,0.054829302
2po3p5,کترینگ سیدالشهدا,37z7rg,کترینگ سیدالشهدا,0.030427556
2w1386,فست فود مروارید,94j9vk,فست فود مروارید,0.02242557
2x49o9,چلو کبابی مینا,0rv5j9,رستوران مینا,0.034595502
2yomko,رستوران و کبابی سلطان ,gnooqm,رستوران و کبابی سلطان,0.015090618
2z3ww5,شبهای بغداد,jyj6qr,فست فود شبهای بغداد,0.017106007
51o7g1,کترینگ ترنج,6dgmw6,کترینگ ترنج,0.007674954
51onyx,رستوران و فست فود رنجبر,o96m9q,کافه فست و فود رنجبر,0.01884775
533lgw,پیتزا لوتینو,85d1x5,فست فود لوتینو (بیتا سابق هاشمیه),0.044340636
53nly2,کترینگ تهرانی,dqov57,کترینگ تهرانی,0.015815051
53z3g9,سرآشپز ممتاز ,kl728j,کترینگ سرآشپز(اندیشه 19),0.039305139
53z3zk,فست فود دهه هشتاد شعبه هاشمیه,6dz48e,فست فود دهه هشتاد (شعبه هاشمیه),0.022173476
546yn5,پیتزا فول مون,klnw5g,پیتزا فول مون,0.013277862
54nrm8,فست‌ فود سالسا,44jlo5,فست‌ فود سالسا,0.032301442
56ry7m,دیزی سرای بهارستان,0jv6yg,سنتی سرای بهارستان,0.09798811
571m76, کبابسرای یاس,0wlykg,کره کباب یاس,0.097112902
57m161,کبابسرای دهکده,o9ywdv,کباب دهکده,0.277769997
57m6l9,فست فود و بریانی پاچین نو,0ylnrr,مرغ بریان پاچین نو,0.039038423
58klw9,فست فود سی سی ب,0yodjn,پیتزا سی سیب,0.043917577
5g7kw9,فست فود شادی ,3ekw1m,اغذیه شادی,0.027992062
5mk1lg,فست فود تمیز,0qqglw,ساندویچ تمیز (شعبه ۱),0.029109174
5nx4xz,مستر فود,85e7ey,مستر فود,0.097095648
5r9k1y,کباب مطهر,0971vq,اغذیه مطهر,0.008733561
5w1n1r,کبابسرای صادق,85o5y2,کبابسرای صادق,0.033012309
5wm3z5,فست فود نسیم,0qvjoy,فست فود نسیم,0.0239712
5wx1w2,رستوران جاودانی,p8yelm,رستوران جاودانی,0.358095512
5x4869,خانه دیس کباب,xdg759,خانه دیس کباب,0.063761727
5yowxo,طباخی شاهگوش,e52zj5,طباخی شاهگوش,0.040432361
5z4p65,اغذیه امیر انفجار,0wnor5,اغذیه امیر انفجار,0.028722508
5z4z3l,کترینگ لادن,e5e5o2,رستوران لادن,0.002768159
5zlylw,ساندویچ سرد ماه جان (دهکده پروتئین),wd9ny5,ساندویچ سرد ماه جان (دهکده پروتئین),0.04783385
5zmmo2,رستوران و کترینگ خانی,p59eyn,رستوران و کترینگ خانی,0.062424183
213862,شیرینی سرای آزاده,44z4v5,شیرینی و کیک آزاده,0.029820103
218gk5,هایلار شعبه دانشجو,0lek99,هایلار (میدان دانشجو),0.097575877
21k4pg,نانوایی سنگکی کماسایی (دروس),p6r2vn,نانوایی سنگک آفریقا (کماسایی-آزادپز),0.022382043
21k83g,مجتمع نان سنتی طاهریه,pv4kkd,مجتمع نان سنتی طاهریه,0.011293194
21kk1m,حاجی ارزونی ابواللفضل جنت اباد ,dqrnxw,میوه حاجی ارزونی,0.399468335
21kk71,کترینگ میزبان,r5qx7v,کترینگ میزبان,0.01164032
21klyz,دنی برگر,znnoro,دنی برگر,0.046069543
21ko93,کباب حلیم بهاران 2,gnnmkx,کباب و حلیم بهاران,0.054723004
21kxm3,جگرکی و کبابی بیژن,3e642o,جگر سرای بیژن,0.012963913
21kxzk,فست فود دلخواسته,gnn2wx,فست فود دلخواسته,0.067975995
21ky4k,  فست‌فود لیموترش ,0w1j58,فست فود لیمو ترش,0.010070885
21ky9g,فست فود کافمون,6dzyln,کافه پیتزا کافمون,0.01037263
21lk75,چلو کباب دشتی,6d2ngo,کباب دشتی,0.034048434
21mw82,سوهان و باقلوای مهدی (شعبه هنرستان),p6yywe,سوهان و باقلوا مهدی,0.007325549
21o91w,کافه رستوران عربی یاسلام,12xjl7,کافه رستوران یا سلام,0.031681712
21om98,فست فود اروند ۲۰۲۴,vxlgdx,فست فود اروند 2024,0.03000718
21omk4,نانوایی سنگک امیر کبیر,qy1e82,نان سنگکی امیرکبیر,0.013891278
21omy4,قنادی ایلین ,r5o9w9,شیرینی آیلین,0.006929752
21own7,میوه سرای چهارفصل,85o6qy,میوه سرای چهار فصل,0.071335053
21r9m5,فست فود 001 (فودکورت شیراز مال),l28o4k,فودکورت شیرازمال,0.043968385
21x8l5,جگرکی کوثر,37vnox,جگرکی کوثر,0.059798708
21y1gl,کافه وایت,0nxg52,کافه وایت,0.020564025
21ymkr,دیزی بار مزه بازار (5),0qzyx9,دیزی بار مزه بازار (5),0.020586127
21ymml,ساندویچ هاون,p8r4jy,ساندویچ هاون,0.012982962
2317go,کافه فست فود پدرسالار,p62886,فست فود پدر سالار,0.014348725
231knn,هایپر پروتئین طهرون ,kll85j,سوپر گوشت طهران,0.399484481
231n4o,نان بربری سنتی ساسانی پور,0jo8mg,نانوایی بربری حسین پرچکانی (شعبه ساسانی پور - آزادپز),0.013445688
231p9g,آنا کیک,0jv7z9,آنا کیک,0.492443297
231pyz,شیرینی سرای شاداب تبریزی,p4w7mn,قنادی شاداب تبریزی,0.002819193
233177,پیتزا بازا (گیشا),p4on5r,پیتزابازا,0.021304984
2333po,سوخاری پز,0yorjy,فست فود سوخاری پز,0.028968322
2333rl,اغذیه دهه ۶۰,l22dnn,اغذیه دهه شصت تهران قدیم,0.100525156
2337n6,اش و حلیم خانواده جوان شعبه جشنواره شعبه ۳,12v9kk,رستوران فست فود و سوخاری خانواده جوان (جشنواره - شعبه 3),0.377909321
233kg8,کافه رستوران سورینو,3k6d7j,رستوران ایتالیایی سورینو,0.006176139
233lmw,قهوه اینفینیتو ,85o5e5,کافه اینفینیتو,0.00196639
233n64,آش و حلیم سید(جنت آباد),vxevom,اش حلیم چهارفصل (شعبه ۴ جنت اباد),0.004771904
233pgl,سبزیجات و محصولات غذایی شکوفه,85onnr,سبزی خرد کنی شکوفه,0.087100588
233pp1,آبمیوه بستنی بابل تیله (پونک),3emrkv,آبمیوه بستنی بابل تیله (پونک),0.04977659
233r1w,قهوه گندم,31qdey,کافه گندم,0.005875176
233rw1,معجون سرای پیروزی,3x4oz6,معجون سرای پیروزی,0.020541826
233zpp,کبابی خان,klo99g,کبابسرای خان,0.003256102
2347p5,رویال پروتئین,94j1g6,پروتئین رویال,0.00980748
2384w5,سبزیجات آماده و پروتئین ترنج,me9rwo,سبزیجات آماده طبخ و پروتئینی ترنج,0.157878245
23krp2,پروتئین ژاو,3km8lg,پروتئین ژاو,0.04337541
23rl95,رستوران بیرون بر چلوکباب محفل,p4nkox,رستوران بیرون بر چلوکباب محفل,0.023195768
23z1ny,کترینگ موجان,nnv9x8,رستوران و فست فود موجان,0.010175358
23zk11,مرغ و پروتئین آفتاب,0ylz6r,فروشگاه مرغ آفتاب,0.004491029
23zl6y,ساندویچ ویژه زاپاتا,0gol5n,بی اسم (زاپاتا),0.017430765
23zrg4,تهیه غذا جوجار,xdwoy2,کترینگ جوجار,0.007406982
23zwkm,نان سنگک سنتی صباح,94e956,نانوایی سنگک صباح,0.018816672
2476y7,مجتمع پاس فرهنگیان ,0wx1j5,بربری پاس فرهنگیان,0.009886064
2477o9,اغذیه خیام,p6erwn,اغذیه سرای خیام,0.153333151
2479or,نانوایی تافتون برکت,zn1zke,نان تافتون برکت(آزادپز),0.008552254
247kpr,مجتمع نان گریبانی,qyyr8w,مجتمع نان گریوانی,0.429169493
247m8o,کباب زغالی گل مریم ,qye7n9,کبابی گل مریم,0.001294425
247nlo,گروه صنایع غذایی فارسی,p428rj,غذای نیمه آماده فارسی,0.010365854
247okx,سوپر میوه البرز,85o76g,میوه فروشی البرز,0.007341096
247p99,کترینگ همرفیق,12zvry,رستوران هم رفیق,0.0036496
247r9x,کافه رستوران ترمه,3km77q,رستوران بیرون بر ترمه,0.02204967
247wwk,فلافل ساندویچ مزه نارمک(دهه شصتی),gnzl92,فلافل ساندویچ مزه نارمک (دهه شصتی),0.080841565
247yln,کافه رستوران نعلبکی,jygmdq,آشپزخانه نعلبکی,0.016115045
247zxl,آبمیوه بستنی چیکو,gn9xrq,آبمیوه بستنی چیکو,0.014982852
24nky8,خانه خوراک میم ها,kl75nk,فست فود میم‌ ها,0.030747279
24np31,رستوران سونَر,e52m65,پیتزا سونر,0.025054301
24np86,کترینگ مهران ,31y8w2,کترینگ مهران,0.284355421
24w88m,فست فود کیلویی بهار (ایکی کیلویی سابق),dq5ovx,سوخاری ایکی کیلویی (حکیمیه),0.013832979
24w9ny,رستوران ویکافه ,09782y,ویکافه(گریل استیشن),0.008897454
24wny6,بالدی بال (شعبه امیراباد),37xjy2,شیرینی هانی بال (امیر آباد),0.022440667
26919m,کافه نِرس,e5w6g2,کافه نرس,0.003009637
2699pg,پیتزابرگر ای تک ,44qekn,پیتزا و برگر آی تک,0.494705874
269l1z,آیس پک مرکزی قلهک,0yjvdm,آبمیوه بستنی کوهستان (قلهک),0.125997705
269opn,قهوه ویل,0mr1vv,کافه ویل,0.072457378
269r94,Snow coffee,7jxdox,کافه برف,0.011443211
269x7o,جگرسرای دلکده ,klw71j,کبابی و جگرکی دلکده,0.029640767
269yx8,بیرون بر نمونه ساحلی,mey56r,بیرون بر نمونه ساحلی,0.242545669
26r36z,رستوران فخر ایرانی ,31m6x2,چلو کباب فخر ایرانی,0.020258788
26r697,نانوایی سنگک سنتی فاخته,wdwnzv,نانوایی سنگکی فاخته,0.133310473
26r6l3,نانوایی لواش جوانه گندم,p89jq5,نان لواشی جوانه,0.103094322
26rggg,فست فود هاتشام مهدی,37xe12,فست فود هات شام مهدی,0.051731428
26rk9y,رستوران لوکالری,vxq7w5,غذای سالم ورژیمی لوکالری,0.012194807
26ro1l,سنگکی کاج (آزاد پز),xd24l9,نان سنگک کاج (آزادپز),0.032099619
26ro4x,پیتزا هوم,vx1nxm,پیتزا هوم,0.075835546
26rpn9,قنادی شکلاتی,nnv7o8,شیرینی شکلاتی شعبه 2,0.056456835
26rr9l,رستوران اتفود,jym2lg,فست فود ات فود,0.002900363
26rzg2,ژامبون سرد ژ,0wn8wz,ژامبون سرد ژ,0.019918471
26x412,کباب و حلیم قجری ,44q95x,کباب قجری,0.03668061
27131x,سوپر میوه قدوسی,gnkqrx,میوه سرای شبانه روزی قدوسی,0.032061275
27143k,رستوران خاقان,pzmxyj,کترینگ خاقان,0.0094922
2714k3,هایپرمیوه باغ طلایی,o9jlrq,هایپر میوه باغ طلایی,0.016638619
2718y1,نانوایی سنگک یامینی,0gq84x,نانوایی سنگکی امینی,0.012322193
2719n4,نانوایی تافتون سرای نان,94l6nk,نان تافتون سرای نان,0.000948248
271k37,نانوایی لواشی گل گندم,0qr2vx,لواش گل گندم (اکباتان),0.071594631
271zkw,پروتیین ارسین,kljygn,پروتئین آرسین,0.006537421
2773r9,فست فود نوبهار,pzev7e,فست فود نوبهار 1,0.017989147
2774n8,سوپر گوشت زارع,0yoeey,سوپر گوشت زارع,0.285878813
277n4l,کافی شاپ لئو,l28vd9,کافه لئو,0.025202179
277nmz,سبزی خاتون,p56zdx,سبزی خاتون,0.339087147
277o93,ویل برگر,jymkog,وال برگر,0.06451805
277x79,رستوران عمو کریم,jy471v,رستوران عمو کریم,0.010068127
279oo2,رستوان و سفره خانه سنتی سرای حوض,27rxve,رستوران سنتی سرای حوض,0.157955393
27m9l3,برگر مسعود,0yvz2r,رستوران مسعود,0.262727893
27mokl,سبزی خرد کنی ریحانه سعید اصلی ,p4o5ln,سبزی خردکنی ریحانه,0.008603909
27mrz4,مجتمع نان لواشی شفق ,qy5qwx,مجتمع نان شفق (لواش-آزادپز),0.003309698
27r6g5,مجموعه غذایی پدیده اهورا,wdq5dq,کافه رستوران پدیده اهورا,0.011284039
281385,نانوایی سنگک دشتی,wd97zv,نان سنگک دشتی (آزادپز),0.064832108
2861r3,کترینگ حاج عباس,27zyol,تهیه غذای حاج عباس,0.019591816
286468,فست فود لقمه طلایی,0mn1xq,فست فود لقمه طلایی,0.030277335
286671,غذای خانگی عمه مریم ,r5qvwv,رستوران عمه مریم,0.005909953
2869gk,مجتمع نان ساغر,qy1ro9,مجتمع نان سناباد,0.019000345
28gkp5,کافی شاپ گپ تایم,jyjzwr,کافه گپ تایم,0.002615684
28k4wn,ساندویچی معرکه آبادان,dqqd8n,فلافل معرکه آبادان,0.014302786
28k6ym,کترینگ ریحون,6drq4w,رستوران ریحون,0.094524555
28k7l4,کترینگ پرنده های آبی,dqrdmn,رستوران پرنده های آبی,0.01504082
28kl49,سنگکی نارمک,0n89y2,نان سنگک نارمک,0.006681468
28kp41,کباب زغالی نارنج,klwj6q,کباب ذغالی نارنج (جنت آباد),0.01311385
28kro7,اژدر زاپاتا (چهارراه صدف),qylmnx,فست فود اژدر زاپاتا (چهارراه صدف),0.023621748
28kxoy,نانوایی سنگک گلدشت,gngldx,نان سنگک وی نان (شعبه گلدشت - آزادپز),0.00563255
28kxyk,آشکده کد خدا,12xxw2,آشکده کدخدا,0.026742382
28ky9r,نانوایی تافتونی,27q5dq,نان تافتون شاطری,0.038990607
28kyng,کافه بستنی یزجون,kl92yk,آبمیوه بستنی یزجون,0.007359864
28p7w8,گل و گندم,y1971d,نان بربری گل گندم,0.027122304
28pn3n,فست فود کوکیدو,09kg6n,کوکیدو کنتاکی,0.007802492
28y1x5,سوپر میوه ثامن,l25ne9,میوه سرای ثامن,0.073538816
2948zk,تهیه غذای مهماندار ایرانیان,qyl8zy,کترینگ مهماندار ایرانیان,0.005270139
294mmz,هایپر میوه شقایق,p6gxwg,سوپر میوه شقایق,0.061678576
294xrm,قنادی شقایق,6do24o,شیرینی شقایق,0.008051868
296my5,ساندویچ ترنج,0rlmg1,فست فود ترنج,0.091493272
296y35,هایپر میوه طلایی,jy46kv,هایپرمیوه طلایی,0.030047185
29nnrp,نانوایی بربری یادگار,dq784d,نان بربری یادگار (آزادپز),0.019282179
29np1o,هایپرمیوه اختیاریه (تسلیمی) ,qyym7y,سرای میوه شعبه اختیاریه,0.08302886
29np3r,لبنیات سنتی دشتی,7jrwx2,آبمیوه بستنی دشتی,0.056376138
29x148,قنادی هانا,pvd6g1,کیک و شیرینی هانا (هاشمیه),0.030483181
29x87m,پیتزا پم پم,y1954r,فست فود پم پم,0.00840406
29xr34,مجتمع نان صارمی,o9g518,نان سنگک و بربری صارمی(آزادپز),0.00715993
29xz66,کباب ذغالی گلپایگان,31lq6k,تهیه غذای کبابی گلپایگانی,0.007902819
2g73yk,کافه ویلانژ,5ow4yv,قهوه ویلانژ,0.060026063
2g7ggr,رستوران پدیده,0gyymm,رستوران پدیده,0.244371538
2g7o38,کترینگ هتل آبتین,85ozky,کترینگ آبتین,0.055407264
2g93g7,طباخی سحر ,271q4e,طباخی سحر,0.074313293
2g9go6,تشریفات گستران بی چونی,vx1yz5,رستوران بی چونی,0.028370235
2g9m11,فست فود ۱۹۶,vxlyv5,فست فود 196,0.031266599
2g9nny,سنگکی کاخ,nnj6nr,نان سنگک کاج,0.382593253
2g9nx4,قنادی آرامیس,31688y,شیرینی و آجیل آرامیس,0.048923192
2g9r1n,رستوران فیت فود,y19vor,رستوران فیت فود,0.360918537
2g9zx1,مجتمع نان یزدان ,qyl642,نان سنگک یزدان(آزادپز),0.01605135
2gx61l,فست فود هفت چنار (گلستان),kloeno,فلافل هفت چنار,0.057685374
2gx7mn,دونر کباب نشاط,3xr796,دونر کباب نشاط,0.132908791
2k37kk,مجتمع نان بورک,444enn,سنگکی بورک (آزادپز),0.01895641
2k37xx,کافه وی وُ,3289re,کافه وی وُ,0.3873524
2k3rz4,رستوران سامورایی اویشیدا ,qyyv12,رستوران سامورایی اویشیدا (فودکورت اطلس مال),0.073097369
2k3y7p,آبمیوه و بستنی عمو نعمت,p6rvz6,آبمیوه و بستنی عمو نعمت,0.043791467
2k63ow,جگرکی بابایی,znd9je,جگرکی بابایی,0.290270964
2k64o8,محصولات پروتئینی پویا نو,l2g54n,پروتئینی پویانو,0.00365203
2k6818,کافه رستوران ایتالیایی مریخ,xdgoj2,پیتزا مریخ,0.122576233
2k697z,رستوران جاودانی,p8yelm,رستوران جاودانی,0.101113046
2k6mkw,فست فود ایرونی ,p47e4j,رستوران بیرون بر ایرونی,0.223925765
2k6moz,قهوه د ویش ,me954q,کافه د ویش,0.027734719
2k6o7p,نان سنگک سنتی کوکا,r5xwz9,نان سنگک یوسفی (شعبه کوکا),0.040294148
2k6ozx,جگرشو,kljrmj,کبابی و جگرکی جگر شو,0.010839541
2k6p79,پیتزا هجیج,kl7j9g,فست فود هجیج,0.007481564
2k6p9k,کافه ۲۴,94ev16,کافه 24,0.012833621
2kl17r,مرغ بریان آتیش,854w5g,سوخاری و بریانکده آتیش,0.037265908
2kl1w9,پروتئین نمونه یزدی (دهکده),944x66,سوپر پروتیین نمونه یزدی,0.015359467
2kl7gr,کافه رستوران کریمخان,klw2zo,رستوران کریمخان (فاطمی),0.014764415
2kl8nl,سیتو فود,o9gdxj,فست فود سیتوساندویچ,0.019423697
2klnm8,غذا کده هو۱۱۰,vxedxm,رستوران هو 110,0.006977076
2klomw,جگرکی اردبيل ,p5ry5x,جگر سرای اردبیل,0.001454245
2klozy,مجتمع نان رضاشهر,27rnzd,نان سنگک و لواش رضاشهر(آزادپز),0.0534058
2klpy3,سرای سنتی سیمرغ,7j94qg,رستوران سیمرغ,0.029534683
2klzlg,رستوران امیربرگر ,85x1xy,امیر برگر,0.008795855
2kr9r5,پروتئین پدیده,e5q7o2,توزیع گوشت و مرغ پدیده,0.07805739
2krrr5,کبابسرای توتک,qyd58w,کباب سرای توتک,0.079597219
2llgx3,طباخی سیراب شیردان سجاد,wdqk6g,طباخی کله پاچه سیراب سجاد (شعبه 2),0.007206857
2lln14,مجتمع نان بهار ,mel65o,سنگک و بربری بهار,0.085366427
2llpw6,باقلواسازی سلامت,r5q1r9,باقلوا سلامت,0.039930633
2llr67,پیتزا پلازا,vxq15m,فست فود پیتزا پلازا,0.299156621
2lw17y,نانوایی بربری گل گندم ,zn1251,بربری گل گندم (جنت آباد جنوبی),0.033355881
2lw76r,پروتئین زرین ,37g14g,فرآورده های گوشتی زرین,0.035184121
2lw966,مجموعه غذایی و بیرون بر میترا,85g88r,مجموعه غذایی میترا شعبه چنچنه,0.034619464
2lwlm4,فلافلی ابوعلی,p5ek6e,فلافلی ابو علی (پارک 17 شهریور),0.000618559
2lwmy3,پیتزا پارک (شعبه نبرد شمالی),0jr9x9,پیتزا پارک (شعبه نبرد شمالی),0.108202135
2lwp9w,کافه رستوران پارسی,7jolq2,بیرون بر و رستوران پارسی,0.008719509
2lz1o1,کافه مون,me9l8z,کافه من,0.019567388
2lz3gn,سان ویچ,124rqy,سان ویچ,0.011718538
2lz6r8,سبزی خردکنی مینوسا,85xjoy,سبزی خردکنی مینوسا,0.270349419
2lz9xp,نان فانتزی مهرنان,po85n8,نان فانتزی مهر نان,0.011315151
2lzg3g,قهوه کافئین,vxr2qd,کافی شاپ کافئین,0.018421817
2lzgz6,پیتزا کاکتوس,xd54l6,فست فود کاکتوس,0.012449295
2lzk86,آبمیوه بستنی ویلا,37qowm,آبمیوه بستنی ویلا,0.043678284
2lzo69,فست فود تام لند,gnzz6x,فست فود تام لند,0.201663484
2lzrrr,کافه قنادی وانیل آس ,31lod7,کافه قنادی وانیل آس,0.016207874
2lzwr9,ساندویچ بی نظیر,94e4k6,فست فود بی نظیر,0.005187776
2m1on2,آش برق,0m67jr,آش برق,0.20941354
2m3m82,پروتئین استقلال,0n47d8,پروتئین بهشت نو (استقلال),0.202906074
2m43p5,کافه وی,3289re,کافه وی وُ,0.407397321
2m8ko5,فست فود هرشب,jye6jq,فست فود هرشب,0.425113692
2mkklo,کترینگ یوکا,3xxn89,رستوران یوکا,0.020498134
2mkkx6,نانوایی سنگک نمونه ظفر,0nry92,سنگکی ظفر (آزادپز),0.12563204
2mkm7y,قنادی شیرین بانو,dqeo2w,آجیل و شیرینی شیرین بانو,0.011401733
2mkm99,پیتزا ساندویچ امین,7jo6m2,فست فود امین,0.022890252
2mkrwl,رستوران کلبه ,dqv71w,رستوران کلبه,0.313987896
2mkyyg,هایپر میوه سیوان (شعبه سجاد),e5eq5m,هایپرمیوه سیوان,0.006575793
2mkzno,دستچین لوکس,44jn9y,میوه عمو حسن (دستچین),0.008474457
2mkzy1,"کباب سرای ذغالی، حلیم لاچوان",o99e8o,کبابسرا و حلیم لاچوان,0.032326305
2mlnm5,قهوه هارپاگ (2),3d7vqg,کافه هارپاگ,0.047551024
2mm3kg,فست فود و سوخاری خانواده جوان (جشنواره 3 ),12v9kk,رستوران فست فود و سوخاری خانواده جوان (جشنواره - شعبه 3),0.011080555
2mm3z7,کبابسرای عمو قاسم ,0wvlq5,کباب سرای عمو قاسم,0.01938917
2mmgmy,جوجه کباب جوان,klw98k,جوجه کباب جوان,0.013607017
2mmlrk,بشتی (شعبه سئول),jy2m4v,رستوران بِشتی (سئول),0.084897552
2mmorz,کافه وانیا,5oq41e,قهوه وانیا,0.058070816
2mmxoz,فست فود آویشن,3758xm,رستوران ایتالیایی آویشن,0.001445603
2mnlr5, فست فود بادکنک,nnv426,فست فود بادکنک,0.007427086
2my1n3,کباب ساطوری بناب,0999kk,کباب ساطوری بناب,0.039225283
2mygkk,کافه مارلیک,dqv9jw,کافه مارلیک,0.101901515
2mygok,رایمون,o9jzek,فست فود رایمون,0.009356982
2myyrp,ویان پروتئین ,mejwny,ویان پروتئین,0.01073718
2myzon,شیرینی سرای ماه عسل ,5oql6j,قنادی ماه عسل,0.007572062
2nk1pg,کیک وشیرینی پریا ,xdyljy,کیک و شیرینی پریا,0.00523651
2nk8zk,سنگک سنتی محله,272o7e,نان سنگک سنتی (آزادپز),0.008168715
2nkk46,کبابی فانوس آبی,6d261n,کترینگ فانوس آبی,0.041079053
2nkk8z,فست فود بهشت ,0j4m7r,پیتزا بهشت,0.019555849
2nkogp,میوه سرای برادران اخوان,dqmq57,سوپر میوه اخوان,0.033502928
2nkp4w,تهیه و پخش غذای شیش کباب,l2e6wn,رستوران شیش کباب,0.019859804
2nlrpk,نانوایی بربری کاظمی,znv2kj,نان بربری کاظمی,0.007210942
2nngn2,شام باما,5oqnxv,فست فود شام با ما,0.191176956
2nnkn2,مجتمع نان خوشه زار,r5v7yv,نان خوشه زار (آزادپز),0.037678733
2nx99w,مجموعه نان سنگک قصر 2,375ymx,نان سنگکی شریعتی (قصر - شعبه 2) (آزادپز),0.004819614
2nxkl3,ساندویچ سعید,o9yjgk,رستوران و فست فود سعید,0.0444773
2nxl1o,بوبو(شعبه اندرزگو),dqggjx,آبمیوه و بستنی بوبو,0.021551601
2nxpkg,نانوایی سنگک برکت کن,44ggg5,نانوایی سنگکی برکت (کن) (آزادپز),0.432914846
2o13kx,هایپر میوه نارنج,jy5e2g,سوپر میوه نارنج,0.00666342
2o179w,رستوران شاهو,nnj8vr,رستوران شاهو (اقدسیه),0.020891741
2o1kpm,نانوایی سنگک کرمی,0nwkyr,سنگک کرمی,0.407629087
2o1lm3,کترینگ ملک تاج,dqex4g,رستوران ملک تاج,0.001885193
2o1n6x,جگرکی امید,0qr8j2,کترینگ کلاسیک,0.302982205
2o1rl4,نانوایی سنگک درباری,zn99zj,نان سنگک سنتی درباری,0.035680155
2o1w12,پیتزا سی سیب,0yodjn,پیتزا سی سیب,0.263378545
2o1xky,کبابی ممتاز نبرد,27me52,کبابی سنتی گلپایگانی نبرد,0.072610163
2o1zno,نان و شیرینی ژالین,6dgjxg,قنادی ژالین,0.046526494
2o319z,کترینگ نگار (واگذار شده),kl7d6o,کترینگ نگار,0.025893402
2o3764,پیتزا تام,xdww26,سوخاری و رستوران تام,0.02071553
2o39ol,کافه رفقا,5o2zxv,کافه سنتی رفقا,0.067513577
2o3g94,پیتزا عمورضا,0l95ke,پیتزا عمو رضا,0.006693691
2o3l8p,اغذیه کیان,dq7r4x,اغذیه کیان,0.027703455
2o3rwr,مُقیت,xdgrmw,رستوران مقیت,0.012870308
2o3x1o,قهوه HF (اچ اف),vxxkqx,کافه HF ( اچ اف),0.024626228
2ok382,فست فود درویش,0yqoqg,فست فود درویش,0.120269416
2ox147,مجتمع نان ستاره,85djg5,نان ستاره(آزادپز),0.004204153
2ox3wg,کافه رستوران کلبه,o966g8,کافه رستوران کلبه,0.056815444
2p336o,سوپرگوشت صمدی,5ozvev,هایپر گوشت صمدی,0.015542324
2p33wg,پرومَند,zn198o,سوپر پروتئین پرومند (گوشتیران),0.008943198
2p34xp,تهیه غذای کلبه بابا مختار,85oo42,غذای ایرانی بابا مختار,0.002323412
2p36mw,فست فود دیشلمه (میدان تسلیحات),e5eov2,سوخاری کیلویی و فست فود دیشلمه,0.003199466
2p36nw,ویشتا(لطفا فعال نشود و تماسی گرفته نشود باهاشون),y1j55g,کترینگ ویشتا,0.097099755
2p3m3m,سبزی خرد کنی گشنیز سعادت آباد,l2e7de,سبزی خردکنی گشنیز,0.018459265
2p3ryk,کافه ویوین(جردن),gn9qer,کافی شاپ ویوین (جردن),0.020206293
2p3w8o,جگرگوشه,12zkly,رستوران جگر گوشه,0.005424848
2p3ygy,پیتزا پارک (ده حقی),091n9y,پیتزا پارک (شعبه نبرد جنوبی),0.015088517
2p696z,پیتزریا رمون,vx17w1,کافه رستوران ایتالیایی رمون,0.008415901
2p6g39,نانوایی بربری شکری,3d681g,نانوایی شکری (آزادپز),0.067283576
2p6gp3,پیتزا پل,zn9enw,فست فود پل,0.031485868
2p6m7k,پروتئینی سنبله,27g6od,سوپر پروتئین سنبله,0.115411059
2p6rrx,املتکده کنج,nngjo8,املت سرای کنج,0.029822434
2p88pz,کافه زرافه,dqgrrg,کافه رزافه,0.21406431
2p8g78,رستوران میثم,l2e8gk,رستوران میثم,0.054829302
2p8gyp,پیتزا پارک (شعبه پیروزی),p5xejj,پیتزا پارک (شعبه پیروزی),0.083201566
2p8k9w,سبزی پاک کنی شهران,pz12nj,بازارچه میوه قائم (شهران),0.051900808
2p8nzo,هایپر میوه سی تیر,6drml6,هایپرمیوه سی تیر,0.088206027
2p8yp1,فست فود دونرچی,vx954m,فست فود دونرچی,0.045258794
2po3p5,کترینگ سیدالشهدا,37z7rg,کترینگ سیدالشهدا,0.030427556
2pz6g2,سنگی نان درباری,12vkzk,نان سنگک درباری (آزادپز),0.017247931
2r6688,سوپر میوه اروین,85gx1g,میوه آروین,0.013650236
2r683m,RF Pizza,12mol2,آر اف پیتزا,0.021163113
2r6mng,پیتزا لگو,e52ev2,فست فود لگو,0.036849071
2r6ow4,فلافل بیروتی ,r5qrv1,فلافل بیروت جزیره ولیعصر,0.005373245
2r6rkl,آبمیوه بستنی استوایی,0yq7qd,آبمیوه استوایی (اکباتان),0.003330528
2r93w6,تهیه غذای حمید چلویی,12zgmy,رستوران حمید چلویی,0.009167671
2r9484,اقای برگر,gngmvn,آقای برگر (تهرانپارس),0.012401659
2r97lw,سنگکی اصیل,3ddddd,نان سنگک سنتی اصیل (شعبه سرآسیاب),0.094164279
2r98kw,نان تنوری سنتی خراسانی گندم,dqv6x7,نانوایی تافتون تنوری خراسانی گندم (شعبه محلاتی),0.007291676
2r98wx,فست فود دولپی( نازی آباد),nnvdv6,فلافل دولپی (نازی آباد),0.050666345
2r9kwo,کافه گل ریپرو,nnd7o6,کافه گل ریپَرو,0.013104281
2r9r4w,کافه رستوران ساگانو لانژ,y1k21n,کافه رستوران ساگانو لانژ,0.034072104
2r9xl9,کافه بایا,dqqky7,قهوه بایا,0.008132111
2r9zg6,کترینگ ساحل,y1jrwd,تهیه غذای ساحل,0.014549594
2rno62,لواش تهرانی جهان,xd5q86,نان لواش تهران,0.177702194
2rwkln,بریانکده یملی,0r99qz,بریانکده یملی,0.006686422
2rwyw7,چلوکبابی طاها,377r2x,کترینگ طاها,0.011145193
2rwz8m,سی تو سوخاری انقلاب,12wxq4,فست فود سی تو سوخاری,0.01772194
2w1386,فست فود مروارید,94j9vk,فست فود مروارید,0.02242557
2w1778,گود برگر,0qe28d,گود برگر,0.015210337
2w194w,پیتزا ساندویچ هاوین ,3djlgg,فست فود هاوین,0.057841541
2w1zw4,پروتین پارادایس,zndvk2,پروتئین پارادایس (گوشتیران),0.040539814
2w339p,میوه سرای طاها ,r5el2o,میوه طاها,0.041776795
2w33ng,فروت لند,r5v8k1,میوه فروشی فروتلند,0.02541517
2w38gr,سبزیجات آماده مامان جون ,jyg7dg,سبزی مارکت مامان جون,0.0282607
2w3k4r,سوپر میوه سید,379r2m,سوپر میوه سید,0.020390941
2w3xpp,نان فانتزی امیرکبیر,372e8n,کیک خونه (امیرکبیر - شهرک راه‌آهن),0.264163088
2w78xy,آبمیوه بستنی لیمو نعنا ,0jmzor,آبمیوه بستنی لیمو نعنا,0.105964906
2w7oon,نانوایی بربری دانان (بنائی),0952ky,نان بربری بنائی,0.022057987
2w7y9x,فست فود هایدا (خراسان),94ww66,هایدا (میدان قیام),0.090243463
2wpp95,نان و کباب کوثر,0leqj9,نون و کباب کوثر,0.005094063
2x4163,کباب ذغالی و حلیم گلپایگانی,7j9e82,کباب ذغالی گلپایگانی,0.146265833
2x4949,رستوران همایون,zn9xlo,بیرون بر همایون,0.094824526
2x49o9,چلو کبابی مینا,0rv5j9,رستوران مینا,0.034595502
2x4gmm,کله پاچه سرای سرو,37z49n,طباخی سرو,0.004664892
2x4k9r,کافه بستنی آیس لند,44jr6y,کافه بستنی آیس لند,0.350888368
2x4o33,فست فود بهشت,3djv97,تهیه غذای بهشت,0.035952683
2x4wln,آوین پروتئین (شعبه رفاه پاسداران),3e72x5,آوین پروتئین (شعبه پاسداران),0.054188825
2x4y7z,رستوران دانیال,379v79,تهیه غذای دانیال,0.00546808
2x4yly,کافه این,vxq1nx,کافه این,0.012572804
2x74kz,سوخاری ۸۸,e5lde2,سوخاری 88,0.028452198
2x76mg,فست فود گیاهی (های وگن),0gw61q,فست فود گیاهی (های وگن),0.042159479
2x7p3k,تهیه غذای سوروسات (شعبه سیبویه),wdw9l5,بیرون بر و رستوران سوروسات,0.054755832
2x7w88,چلو کبابی کسری,3e2jzj,رستوران کسری,0.036304127
2x7z86,نانوایی بربری کادوس,124kg7,مجتمع نان کادوس,0.027995218
2xg6zp,کله پاچه سرای قصر,0j4r8r,طباخی و کله پاچه قصر,0.374135812
2xg8z8,قنادی مهدی ,37zqjn,شیرینی سرای مهدی,0.065902004
2xggyy,آقای پروتئین ,09mgjn,مستر پروتئین,0.009490437
2xgm8z,کترینگ امیران,0gozwm,رستوران ایرانی امیران,0.017730398
2xgmy7,چلو کبابی سجاسی,27mkr5,چلو کبابی سجاسی,0.059869321
2xgzk3,کافه ایندو,o9g67v,کافه ایندو,0.201254613
2xk9g5,سوپر پروتئین میرزا,7jwnmg,فرآورده های گوشتی و مرغ میرزا (شعبه یک),0.011332016
2xmp95,فست فود سکه‌ ,dqvzox,پیتزا و ساندویچ سکه,0.048126971
2xyg85,کافه رستوران هدایت ,p5d7le,رستوران ایتالیایی هدایت,0.052137289
2y446k,فست فود پسر خاله,0l671e,فست فود پسرخاله,0.012524293
2y46py,فست فود وارانا,94xkdk,فست فود وارانا,0.218610717
2y476x,رستوران کالدو ,12zkk2,پیتزا کالدو,0.002160335
2y4k9l,رستوران مستر کباب ۲۲ ,zn1lro,مستر کباب 22,0.013712865
2y4owo,هایپر میوه چهل ستون,nnvznz,هایپر میوه چهلستون,0.042360401
2y4xx3,چلوخورشت طهرونسر,e5eoom,چلو خورشت طهرون سر,0.022894114
2y4yxy,مطبخ سفیران,qyl7xx,مطبخ سفیران,0.032235865
2y4z3g,مجتمع نان سنتی طاهریه,pv4kkd,مجتمع نان سنتی طاهریه,0.003454446
2y6475,کافه رستوران آرامینتا12/12,p4v55j,کافه فود آرامینتا 1212,0.013589258
2ym319,نان تافتون نمونه,32r8ze,نانوایی تافتون نمونه (شعبه باستانی پور),0.011574102
2ym499,هایدا (قلهک),0jr8n6,هایدا (قلهک),0.287600764
2ym7ro,اصل تبریز شرق,l2d8vj,شیرینی و خشکبار اصل تبریز,0.01866975
2ym7xz,قنادی لاریسا ,327olq,لاریسا (امیر آباد),0.001121946
2ym7zr,آبمیوه بستنی رضایی,o9o18v,آبمیوه بستنی رضایی (شعبه وردآورد),0.006384345
2ym8g4,اِي اِم,85d87m,کافه ای ام,0.003220872
2ym8nn,فست فود آیدا,0w6nz5,ساندویچ آیدا (میرزای شیرازی),0.003543068
2ym8ww,شیرینی سرای طلوع,zndlx2,قنادی طلوع,0.002178998
2ymg1z,آبمیوه بستنی ما 2 تا,0qrrox,آبمیوه بستنی مادوتا (کلبه ی سابق),0.005538869
2yo7p3,رستوران دیزی تو,jym769,دیزیتو,0.024490188
2yo87g,چلوکبابی زاگرس,0n462r,چلوکبابی زاگرس,0.021379768
2yo9xp,میوه فروشی سادات,kl7xvk,هایپر میوه سادات,0.020244743
2yomko,رستوران و کبابی سلطان ,gnooqm,رستوران و کبابی سلطان,0.015090618
2yooo9,کافه کارینو,0m2j1v,کافه كارينو,0.362865815
2yowko,فلافل یاس 113,jy4qq9,فلافل یاس۱۱۳,0.012753397
2z3ww5,شبهای بغداد,jyj6qr,فست فود شبهای بغداد,0.017106007
2z444x,ساندویچ کارن,vxq91v,ساندویج سردکارن,0.027886651
2z47r1,آبمیوه بستنی چهارفصل,44l41r,آبمیوه بستنی چهار فصل,0.018485881
2z48ox, رستوران امیر عباس شعبه2,zn9wyw,رستوران امیرعباس (شعبه 2),0.193227815
2z4m63,فست فود ۱+۵,0re889,فست فود 1+5,0.010016
2z4mng,باغ رستوران آوا,qyrqnd,باغ رستوران آوا,0.208113246
2z4wp9,کافه پدرخوب,94en9k,کافه رستوران پدر خوب (آزادی),0.037234102
2z8k42,غذای اقتصادی شام با ما,0rxqkv,فست فود شام با ما,0.008334881
2zk38o,هایپر میوه آذربایجان ,gnkyqn,میوه حاجی ارزونی آذربایجان,0.041544539
2zkmm1,نان سنگک کلبه(آزادپز),r5njwo,نانوایی سنگک سلیمانی (آزادپز),0.290212949
2zknn1,کبابسرای آذربایجان,pvr2y1,کباب سرای آذربایجان,0.020331306
2zkr4w,غذای قریشی,12lnky,رستوران قریشی,0.012011548
2zkry3,سنگکی فکوریان (قاسمی),37ygjx,سنگک قاسمی (آزادپز),0.04921013
2zkwgm,Bellavita,l2g9nz,نان و شیرینی بلاویتا,0.009627143
2zlm48,نان بربری توحیدلو,p4mker,مجتمع نان توحید لو,0.020774474
2zlygw,گوشت و مرغ پارسه,855nr2,پروتئین پارسه,0.094490164
2zpgk2,کترینگ خواجوئی نژاد (شعبه تاچارا),0j9ylr,دیگچه خواجوئی (تاچارا),0.0081777
51k1x6,نانوایی تافتون چهارباغ,e55852,نانوایی تافتونی چهار باغ,0.008580334
51k6g7,نانوایی خراسانی رضوان,xdny8w,نان خراسانی رضوان,0.004590994
51n4g2,پروتئین یاس,0n94q6,پروتئین یاس,0.100314197
51o337,نانوایی فردوس هوشمند,p47yry,سنگک فردوس هوشمند (آزادپز),0.014697658
51o377,آبمیوه بستنی حامدخان,l2g44k,آبمیوه حامد خان,0.003583172
51o4xl,سوپر میوه ارم,dq7n5d,میوه سرای ارم,0.057696129
51o6zk,فود بار ۱۹,jy2w86,فودبار 19,0.00647178
51o7g1,کترینگ ترنج,6dgmw6,کترینگ ترنج,0.007674954
51o8kw,نانوایی سنگک بهشت شاطری,l2dryz,نان سنگک سنتی شاطری,0.001807424
51o9xw,کبابی صوفی,44jxmx,چلوکبابی صوفی,0.064498826
51ol3x,"سرزمین مزه ها ( سوخاری، پیتزا، برگر) ",r5q849,فست فود سرزمین مزه ها (قلهک),0.039320167
51owo6,کافه باریانا,dqvj1x,کافی رستوران باریانا,0.05982235
51ox1z,نانوایی سنگکی جوانمرد,0yll4d,نانوایی سنگکی جوانمرد (آزادپز),0.341851017
51rxz2,مرغ و پروتئینی زاگرس,0w62y5,مرغ ممتاز(بلوار زاگرس),0.059785613
51y9k6,کافی شاپ اقای قهوه,9496qq,آقای قهوه,0.00419494
51yogx,انرژی مثبت,09rqm6,آبمیوه انرژی پلاس,0.008289199
51yr8k,فلافل بیروتی ایستگاه شکم,me1req,فست فود فلافل بیروتی,0.099250042
5318g8,رستوران مددی,p5xynx,چلو کبابی مددی,0.014566814
531931,مجتمع نان با برکت,31q48k,نان با برکت (آزادپز),0.017811619
531l1l,فست فود الدورق,0yx7ng,پیتزا الدورق,0.005131092
531lx3,کافی شاپ ریس مون,5oq5rj,کافه ریسمون,0.028742725
531n17,نان سنتی گلبرگ ,jyjl9r,نانوایی سنگک سنتی گلبرگ,0.099659126
531nwo,میوه فروشی انصارالمهدی ,y191ey,سوپر میوه انصارالمهدی (جمالی),0.013701771
531pmy,میوه سرای یاس ,vxe67x,میوه فروشی یاس,0.147244302
531w37,کبابی حبیب تهرونی,44zvrr,کبابی حبیب تهرونی,0.066391457
531x34,کافه کسری,12m2e4,قهوه کسری (شریعتی),0.029943203
5338xm,فست فود هایدا (پارک ملت),qyr8yy,فست فود هایدا (جردن),0.007482719
533gx1,نان تافتون نمونه وحدت اسلامی,dqe117,نانوایی تافتون وحدت اسلامی,0.035125541
533lgw,پیتزا لوتینو,85d1x5,فست فود لوتینو (بیتا سابق هاشمیه),0.044340636
533mx9,نان تنوری ارنیکا,0lygzk,نان تنوری آرنیکا(آزادپز),0.287664496
533nz8,فلافل بیروتی جزیره ۱۶۹,12jwmy,فلافل بیروتی جزیره 169,0.158155618
533o9x,کترینگ تاج,5o962j,مطبخ تاج,0.027942504
533y6p,کافه مون کاپ MoonCup,44jqyn,کافی شاپ مون کاپ,0.062230061
53ork5,قهوه آترین,7jrlwm,قهوه آترین,0.278141948
53z3zk,فست فود دهه هشتاد شعبه هاشمیه,6dz48e,فست فود دهه هشتاد (شعبه هاشمیه),0.022173476
53zmzr,کبابی وحید,wdjev8,کبابی وحید,0.307464148
53zngg,سیب بال(ستارخان),6drgqe,فست فود سیب بال,0.00391184
53zr48,کترینگ چیلی ,klj2rj,رستوران چیلی فود,0.006473566
53zxw1,نان سنگک نامبر وان,gngvvn,سنگکی نامبروان,0.026970616
543682,رستوران شاطرعباس ,0mwlvz,شاطر عباس,0.042143729
546yn5,پیتزا فول مون,klnw5g,پیتزا فول مون,0.013277862
54713k,سوخاری کیلویی چی دا,wd485q,سوخاری کیلویی چی دا,0.003597193
54743x,کترینگ  سید رضا,32255l,رستوران کباب تابه ای سیدرضا (شعبه اصلی),0.014826378
547gzm,ساندویچ دادلی,melzlz,فست فود دادلی,0.152986676
547ng4,چلوکبابی طاق بستان,32lxye,چلو کبابی طاقبستان,0.024623561
547z4l,هایپر پروتئین شاهی ,r5o7d9,سوپر پروتئین شاهی,0.010701817
54n1o1,امتیس ,3dxlo7,کافه آمتیس,0.042202183
54n641,نانوایی سنگکی عمو یوسف,0mvn7v,سنگکی عمو یوسف (آزادپز),0.037531476
54n6w1,پروتئین سید مهدی ,dqmy1g,سوپر پروتئین سیدمهدی,0.035415443
54nmly,کافه رستوران eat,gnnn5q,کافه رستوران ایت,0.00454211
54no8l,طباخی پارس,qyl172,طباخی پارس,0.002075642
54nro9,آبمیوه بستنی سبحان,p6gn86,آبمیوه و بستنی سبحان,0.329345077
54nrwn,کافی شاپ دوچرخه,dq7djd,کافه دوچرخه,0.004692032
54nwkg,میوه فروشی شادمهر,e566lj,میوه فروشی شادمهر,0.034560914
54w3xo,کبابی شب زدگان,r5q19o,رستوران شب زدگان,0.01678074
54w9k6,ابمیوه بستنی 50,nnj968,آبمیوه بستنی کافه شاپ 50,0.04246666
54wmmp,نانوایی صفری,znkmw1,نان لواش صفری,0.047807433
54wn6w,جگرکی عمورحیم,klnydq,جگرکی عمو رحیم,0.003552367
54wo48,ویتامینه سندباد (شعبه یوسف آباد),pvyqd5,آبمیوه بستنی سندباد (شعبه یوسف آباد),0.008086215
54wypx,پروتئین وی آی پی,122xok,پروتئین وال مارکت (بلوار استقلال مشهد),0.471420072
5669m9,سوپر پروتئین حمید,l2domn,سوپر گوشت حمید,0.025673982
566ml3,کافه رستوران منچ,r55jw1,کافه رستوران مـنـچ کلاب,0.010439828
566p18,فست فود شیروونی ,r557ev,سمبوسه فروشی شیروونی,0.006422148
566pw6,فست فود پاچینی مستر پیتزا,o9ygjv,فست فود پاچینی مستر پیتزا,0.011120425
5694pp,تهیه غذای خانه والاد,p46onj,تهیه غذا والاد,0.004667542
5698xo,لواشی قائم,dqg4od,نان لواش قائم,0.029102461
569kw3,آش و حلیم خانواده جوان (شعبه استخر),p4wzk5,رستوران و فست فود خانواده جوان (استخر-شعبه 2),0.264036995
569lrn,آشکده داش محمدعلی,o9ylqv,آش و حلیم دآش محمدعلی,0.021858912
569z49,ساندویچ خانلری,7joon9,ساندویچی خانلری (تجریش),0.010682335
56k372,قنادی خالقی,7j9eyn,قنادی خالقی,0.0314965
56km72,بستنی کاکو مهدی,qylj4y,بستنی کاکو مهدی,0.00880721
56rlko,مستر سوخاری,kl9vqk,مستر سوخاری,0.368485004
56rnwz,هایپر میوه بلومی,gnko6q,هایپرمیوه بلومی,0.014304442
56rxmp,میوه فروشی کوهستان,dq7wdw,سوپرمیوه کوهستان,0.006327891
56rxn8,سنگک سنتی شفق (شعبه دو),277v4l,نان سنگک شفق (شعبه 2),0.035390083
56ry7m,دیزی سرای بهارستان,0jv6yg,سنتی سرای بهارستان,0.09798811
57163r,رستوران دلتا ,7jyqvn,رستوران دلتا,0.00857988
571779,بریانکده هارپی,0mzmez,بریانکده هارپی,0.037610893
5717wn,شیرینی و آجیل داغ,09wgrn,نان و شیرینی داغ,0.039953316
571m76, کبابسرای یاس,0wlykg,کره کباب یاس,0.097112902
571wog,کافه ابمیوه بستنی آلما آیس,y1geod,آبمیوه بستنی آلما,0.025898567
577mpx,قهوه بیرون بر74,gnyy7m,قهوه بیرون بر 74,0.005931281
57m6l9,فست فود و بریانی پاچین نو,0ylnrr,مرغ بریان پاچین نو,0.039038423
57mg9x,حاجی ارزونی ری ,dq7v9d,ارزان سرای میوه باغ بهشت ایران,0.270480096
57mmzm,سوپر میوه ارکیده ,0yqdzn,میوه ارکیده,0.042470577
57mwrr,قهوه کازان,mej1mo,کافه کازان,0.011870062
57mzw6,آبمیوه بستنی میبه,jyrv16,آبمیوه بستنی میبه,0.010530746
5868pk,کترینگ شاهین,09o4zq,رستوران شاهین,0.012786424
586n31,تره بار باغ فیض,znejre,میوه باغ فیض,0.009092409
586o66,نانوایی سنگک رمضانی,27qgoq,سنگکی رمضانی,0.0078359
586o7x,نانوایی تافتون سنتی برکت,379n29,تافتون سنتی برکت (سعیدی),0.009306062
586onn,جگرکی کوهپایه,94egly,کباب و جگر کوهپایه,0.016307572
586pz6,اغذیه رز,0m6olq,فست فود رز,0.029474572
586x19,نانوایی سنگکی رضوی,0jmlqv,نان سنگک رضوی (آزادپز),0.026714896
58k61k,کترینگ گلها,94yqon,رستوران بگیر و ببر گلها,0.014729868
58k7r4,آندره زعفرانیه (مقدس اردبیلی),kl954n,پروتئین آندره (مقدس اردبیلی),0.008116788
58kz96,نانوایی لواش 180,xd1ojy,نان لواش ۱۸۰,0.029656795
58p369,ایستگاه ذرت یامی,0mdmrv,ذرت یامی شیراز,0.032220037
58p847,مجتمع نان آزادی (آزادپز),12v5m4,نانوایی ناصری (شعبه آزادی - آزادپز),0.046531333
58pwx1,نان و شیرنی گندم زار,nnn9m6,نان فانتزی گندم زار,0.03451828
58pyl8,میوه فروشی و سبزی خردکنی مهربانو,klwy1q,سبزی خرد کنی مهربانو (نیرو هوایی),0.059631163
58w782,کافه دنج,wdzz58,کافه دنج,0.230498973
59478r,رستوران خان بابا,xdwj82,رستوران خان بابا,0.020056602
594ngl,کافه دیلی,gnymxq,کافه دیلی,0.352704682
594o1p,کبابسرای اصیل ایرانیان( گلپایگانی),p8q7vg,کبابسرای اصیل ایرانیان( گلپایگانی),0.011738948
594pyp,میوه سرای منصف اصلی,y1gwzd,میوه فروشی منصف,0.198036405
594x6m,تهیه غذای بلدرچین (باغ فیض),6d2y6o,تهیه غذای بلدرچین (باغ فیض),0.237485378
594ykx,نان لواش مرجانی,gnrw2m,نانوایی لواش مرجانی,0.010039996
594zrw,کافه رستوران فورلی,949gzq,فست فود فور لی,0.014963164
596r42,سوپر میوه احمد,gng1lx,سرای میوه شعبه احمد آباد,0.374746601
59n966,رستوران میزنون,5oq5jx,فست فود میزنون,0.015340574
59no37,کافسیدو,mej7er,کافه کافسیدو (شعبه امیرآباد),0.076067424
59nrw7,کترینگ ته چین طلایی ,6d2j4g,رستوران ته چین طلایی (شعبه دوم),0.014833232
59nwlz,هات داگتو بخور,mey8lv,هات داگ تو,0.073176322
59nx49,نانوایی سنگک برکت,09vz8n,سنگک سنتی برکت (شعبه مسعودیه),0.090441959
59pkg2,سوپر میوه دستچین,o9yln8,میوه فروشی دستچین,0
59x43l,کافه لاین,44zyyx,کافی شاپ لاین,0.025960885
59xkoo,پیتزا و ساندویچ چیتگر,27zn85,پیتزا ساندویچ چیتگر,0.008558891
59xyro,نان فانتزی و بربری طاها,wd9ekq,نان بربری سنتی طاها,0.017817353
59xzk3,نان سنگک سنتی شاطر علی ,095kyy,نانوایی شاطر علی,0.004152865
59xzn4,تهیه غذای برادران فرهنگیان,r5vwmz,رستوران فرهنگیان,0.102758125
5g73kg,کافه ایندو,85or4g,کافه این۲,0.009431068
5g78n1,نانوایی لواش اسلامی,0w6o1g,لواشی برادران اسلامی,0.034693335
5g78y3,سبزی خردکنی ریحانه تک,pvlee5,سبزی خردکنی ریحانه (شعبه مرکزی),0.353768818
5g7gwz,نان لواشی کن,31l9ky,نانوایی لواش کوهسار,0.407035995
5g7nkw,کباب ترکی و بریانکده سلماس,p67mow,کباب ترکی سلماس,0.217489161
5g8442,تهیه غذا آباجی,3xxnnw,رستوران آباجی,0.010275529
5g8pp2,کافه حانیل,7jwg7x,قهوه حانیل,0.001097334
5g911r,قهوه مونا,3xvjq4,مونا کافی,0.038032827
5g93y6,کافه رستوران اذ,0we1gq,کافه رستوران اِذ(نان برسان),0.01419237
5g974x,کافه لیَن (lien cafe),xd5zy4,کافه لین,0.019684973
5g98w9,نانوایی سنگک یزدان,3eq69m,نان سنگک یزدان,0.380264327
5g9g4w,کافه رستوران پدیده,jy29ng,کافه فست فود پدیده,0.0742216
5g9ml1,فست فود دُر دُر,y192qd,فست فود دور دور,0.006069886
5g9mn1,میوه فروشی برادران,27q992,میوه سرای برادران,0.01101878
5g9nwg,فست فود فرندسیتی,qylmwx,رستوران فرند سیتی,0.058165038
5g9oxk,فست فود خان دیزی,27xlze,فست فود خان دیزی,0.26171161
5g9pom,میوه فروشی قصر ,09zy26,سوپر میوه قصر,0.028141621
5g9w84,تره بار عارف,85o9jy,میوه عارف,0.02410021
5g9xpw,رستوران ماه بانو,0g5q6m,کترینگ ماه بانو,0.002005287
5g9z31,هونلی(Havenly),5owvoe,فست فود هونلی,0.029473983
5g9z63,سبزی خرد کنی ریحانه تک,0q5l2y,سبزی ریحانه (شعبه دو),0.494396927
5gkkl5,فست فود ساویچ,94yxwy,فست فود ساویچ,0.004967426
5gkx95,کافه رنه,l2d68k,کافه رنه,0.317028357
5gx18w,آش و حلیم اصیل محمد,klw2eo,آش و حلیم اصیل محمد,0.007936532
5gx3y4,نانوایی شهرام بهرام,p6yrve,نان شهرام بهرام  (آزادپز),0.058186175
5gx4wp,طباخی چیذر(امام زاده علی اکبر) ,0rv279,طباخی چیذر (امام زاده علی اکبر),0.033323795
5gx8yw,مرغ و گوشت پدیده,27x59d,مرغ و گوشت پدیده فارس,0.011745454
5gxlm9,رستوران آسیایی لاکارا,3228dl,رستوران لاکارا,0.01358863
5gxpl3,سبزیجات آماده چهار فصل,7jrem2,میوه چهار فصل,0.024371805
5gxr64,کافه محمد ,y11llr,کافه محمد,0.406899332
5k3148,هایپر میو‌ه کوروش,0qdlx9,هایپر میوه کوروش,0.018159597
5k31o4,نانوایی بربری پل امیر بهادر,wd4olv,بربری پل امیر بهادر,0.037032249
5k38rp,مجتمع نان لواش بربری و فانتزی ملاصدرا ,xdgedy,مجتمع نان ملاصدرا خوارزمی (آزادپز),0.03091897
5k3nwz,کافه بستنی و آبمیوه پیژام,6d21w6,کافه بستنی و آبمیوه پیژام,0.00688832
5k61gy,کبابسرای عطایی ,27zz9q,کباب سرای عطایی,0.021295992
5k639y,شیرینی گل گندوم,12zvm4,کلوچه پزی گل گندم,0.162527619
5k63n1,قنادی قصر,l28d99,شیرینی قصر,0.029684973
5k63yy,نانوایی بربری رسول,r5oj9v,نان بربری رسول(آزادپز),0.022277724
5k647p,میوه ماردین,y192dd,میوه و تره بار ماردین,0.014072531
5k66nn,ابمیوه و بستنی یاسر,3klxnj,آبمیوه بستنی یاسر (ملاصدرا),0.029825751
5k6l3l,کافه رستوران پانیا ,xd2r9y,فست فود پانیا,0.027145589
5k6ox7,پروتئین جزیره مزه,nnvgn6,پروتئینی جزیره مزه,0.040543535
5k6rwl,آش و حلیم عمورضا,zn1lg1,آش و حلیم عمو رضا,0.017396485
5k6zlw,نانوایی بربری نمونه,wd9mqv,بربری نمونه (ذوالفقاری),0.012229667
5k9495,نان یوخه سنتی رز,y195zg,یوخه پزی سنتی رز,0.027596215
5kg4n5,گوشت حاتم,85edey,گوشت حاتم,0.435055743
5klm7n,پیتزا جاده شمرون,l2ddgk,پیتزا جاده شمرون,0.368921545
5klnkx,فست فود بوفالو,7jw962,پیتزا بوفالو,0.063990845
5klw8z,تهیه غذا گیلاس,0jzyor,تهیه غذا گیلاس,0.010208761
5kly1r,پروتئین سفارشی ,xdj5ly,سوپر گوشت سفارشی,0.011233246
5klym6,رستوران ایرانیان ,0rek68,کترینگ ایرانیان,0.007144789
5klzpk,فست فود بریم آبادان,vx124m,فست فود بریم آبادان,0.267820203
5klzwp,کافه سامی,gnorwm,شکلات و قهوه سامی,0.001804738
5lllr9,نانوایی مجتمع نان بهشت,jy2l69,مجتمع نان بهشت طرشت (آزادپز),0.031693714
5llnl4,نانوایی تافتون برکت,3dmdxd,نان تافتون برکت (درختی),0.042713728
5lmxw2,نان و شیرینی قاصدک,0nwy7z,نان یوخه سنتی قاصدک,0.052499105
5lw374,سوپر پروتئین عابدی,3kqono,سوپر گوشت عابدی,0.007414764
5lwm1x,رستوران‌ سنتی مجنون,o959mk,سفره خانه مجنون,0.06743274
5lwmo3,پیتزا ساندویج سعید,nnd4zz,فست فود سعید,0.010140252
5lwpl4,سفارت آبادان (شهرک گلستان),096jvn,سفارت آبادان,0.21584963
5lwznp,مجتمع نان مادر,xddq66,نانوایی مادر(آزادپز),0.025824945
5ly882,کافه رو به رو ( شعبه مشیر),94915n,کافه رو به رو شعبه مشیر,0.201004593
5lz1m6,غذای خانگی توانیر ,44qr8r,غذای سنتی توانیر,0.022004306
5lz4g3,حلیم و کباب برگ سبز,wderyz,حلیم سرای برگ سبز,0.018808076
5lzg9g,سوپر گوشت یاس,e5z9qm,پروتئین یاس,0.124583204
5lzzwo,پروتئینی حسین,o9r1jk,سوپر پروتئین حسین,0.000981385
5m4n72,کبابسرای بهشت,p8kw45,کباب سرای بهشت,0.111637423
5m7l75,میوه فروشی بهار نارنج,meexro,میوه سرای بهار نارنج,0.021665841
5m8462,رستوران بیرونبر یاور ,nngmx2,رستوران یاور,0.028386652
5mk1lg,فست فود تمیز,0qqglw,ساندویچ تمیز (شعبه ۱),0.029109174
5mk3r8,مجتمع نان بربری آرین,94ee9y,مجتمع نان آرین,0.053032548
5mk4px,بازار کباب,jyj1e6,بازار کباب,0.002221705
5mkg8r,ZI,meynwv,کافه زی,0.043717199
5mkm3y,مطبخ سمن بانو,l2dlrz,کترینگ سمن بانو,0.009170652
5mkn78,فست فود تیوانی,7jjm79,تیوانی فود,0.283266142
5mkoyn,نانوایی سنگک وسک,31l7zw,سنگکی وسک,0.124679699
5mkpgl,فست فود بابا کیلویی,qyrnnx,سوخاری بابا کیلویی (شعبه انقلاب),0.002605003
5mky44,قنادی فرزاد,kl56qq,شیرینی فرزاد,0.474480572
5mky8n,جگرسرای سلطان,xd5dry,جگرکی سلطان,0.010823001
5mm4py,فست فود کانکشن,y1reqy,پیتزا کانکشن,0.047105284
5mm9l9,کیترینگ مانا دخت,6dr6do,کترینگ مانادخت,0.039467608
5mm9o1,فری بابل (fribubble),jym296,فست فود فری بابل,0.030465196
5mml16,هایپر میوه تربچه,jygdkq,محصولات ارگانیک تربچه,0.060810152
5mmm68,غذای ایرانی سوفیا,pz44yj,غذای اقتصادی سوفیا,0.012816389
5mmn74,فست فود دوآتیشه شعبه شهرک باقری,nnw412,فست فود دو آتیشه,0.010897491
5mmnln,پروتئین سعید,32w71d,مرغ و گوشت سعید,0.007880176
5mmp1g,آب میوه بستنی بیگ بنگ ,5o548n,ابمیوه بستنی ویتامینه معجون بیگ بنگ,0.02382815
5mxpo2,سبزیجات آماده طبخ عمه لیلا,27qvv2,سبزی مارکت عمه لیلا,0.053570864
5my14x,اغذیه برادران ,dq71mx,فست فود برادران,0.094340741
5my3om,تافتون سنتی,85d41g,تافتان صفری,0.018461046
5my4rk,ويتامينه نشاط ملک,0l8l99,ويتامينه نشاط ملک,0.024892894
5my6rr,ایرانی علی ایلیا (مطهری-شریعتی),3klyon,ایرانی علی ایلیا (مطهری-شریعتی),0.018185739
5mym7g,سبزیجات عمو سبزی فروش,377oqx,عمو سبزی فروش (شعبه دستغیب),0.037023461
5myox4,نانوایی تافتون شهرزاد,27z9ve,نانوایی تافتون شهرزاد,0.051280281
5myrnm,ایران برگر طلایی,mem2ky,ایران برگر طلایی,0.00214858
5nk13g,کافه ZEN,vxldjv,کافه ذن,0.009200176
5nk6l3,فست فود پسر خوب ,vxqvjd,فست فود پسر خوب,0.012940036
5nk99m,بیکری قیطریه,p4gxgr,نان قیطریه (q Bakery),0.005675567
5nkgwn,ویتامینه بوی سیب ,0mgo7r,آبمیوه بستنی بوی سیب,0.018856641
5nkkm6,ابمیوه بستنی ناردون,me9zxv,آبمیوه طبیعی  ناردون,0.098265833
5nkl9r,فست‌فود نارنج,3kqv9k,رستوران نارنج,0.008803446
5nkn61,سوپر پروتئین حسام ,wd1wkq,پروتئین حسام (نمایندگی محصولات گوشتیران),0.007221091
5nko6g,پـیـتــزا  اِیـت (۸),94y4nd,پـیـتــزا اِیت (8),0.011723744
5nl1w9,تهیه غذای پارسیان,0yo81g,رستوران پارسیان,0.013323337
5nlkyk,کباب زیتون,qyd9kx,کترینگ زیتون,0.011393948
5nllx4,کباب ترکی و فست فود مک موری,y1vj9g,کباب ترکی و فست فود مک موری,0.100919457
5nlm3o,کافه السا,0wy7wg,کافه شکلات آلسا,0.34264837
5nlyx1,دیزی بار مزه بازار (2),0rzyno,دیزی بار مزه بازار (2),0.059743644
5nlz16,قهوه پاتوق ,o96xzj,کافی شاپ آبمیوه پاتوق,0.2519768
5nlzoy,نانوایی سنگک صدر,dqmrnn,نان سنگک صدر,0.022122972
5nx311,نانوایی سنگکی حال خوب,0y95xy,نان سنگک حال خوب (بهار),0.004480614
5nx4xz,مستر فود,85e7ey,مستر فود,0.097095648
5o17wk,فست فود ویکولند (دولت آباد),pod8yv,فست فود ویکولند (دولت آباد),0.287541678
5o1n1g,کافه و رستوران کالوشه,dqmv77,کافه رستوران کالوشه,0.008996285
5o1x4y,شیرینی باران,e55dw2,شیرینی باران,0.4422754
5o31mk,هیولا برگر ,p42qg5,هیولا برگر,0.015094334
5o38px,کبابی گلپایگان,p4omkj,کبابی سنتی گلپایگانی,0.019077137
5o398y,پیتزا ساندویچ کاکتوس,271eo2,فست فود کاکتوس,0.033092143
5o3gn4,قهوه ویرو,e5qwv2,کافی شاپ ویرو,0.009990295
5o3mr8,کافه باقلوا موراکو,qy124d,باقلوایی موراکو,0.172679569
5ollz2,کافه 4,klj2lq,کافه فور,0.046021645
5orx72,جیلیز برگر(شعبه2),pv66l5,جلیز برگر,0.022810831
5ox8wz,کافی بین ,44qo65,کافه بین,0.004139221
5oxkl4,کافه چک و مک,wd4ldq,قهوه چک مک,0.022352321
5oxl37,اغذیه آفتاب,1246m2,فست فود آفتاب,0.026218639
5oxl6o,شیرینی دلوین,p8jvkg,شیرینی دلوین,0.071375425
5oxly7,آشکده بابا عبدی ,r5yqz1,آش و حلیم بابا عبدی (قیطریه),0.014288869
5p31nl,نان افاق ,5ozrxx,نان سنگک آفاق,0.01643349
5p33pg,پیتزا میتزا (نبرد شمالی),3dvl57,فست فود پیتزا میتزا (سرآسیاب),0.483722969
5p3gkx,آشکده برگ,jy24e9,آش حلیم برگ,0.009011843
5p3pmn,شیرینی حبیب,12lg94,شیرینی حبیب,0.330730402
5p3w7x,نانوایی تافتون پرچکانی,44zo2r,تافتون پرچگانی,0.007320191
5p614y,فست فود عمو محسن,0jdxxq,ساندویچی عمو محسن,0.005119222
5p638p,کترینگ مطبخ,94y98q,رستوران مطبخ,0.0414324
5p6693,کافه زَرزاد,y1jl8g,زرزاد قهوه,0.026535079
5p69z1,عطاپیچ,znk81w,"صبحانه، ناهار و شام عطاویچ (میرداماد)",0.042033715
5p6lry,فست فود بلک پپر,mejqjq,رستوران بلک پپر,0.013817827
5p6rxz,نانوایی بربری زمانی,gnzmq2,نانوایی زمانی (آزادپز),0.03909014
5p83w4,بستنی غدیر و قادر,xdr5w4,آبمیوه بستنی غدیر و قادر,0.018912992
5p8oyz,کترینگ پلازا,qydlod,کترینگ پلازا,0.088797317
5p8w14,قهوه کارامل,316qjy,کافه کارامل,0.022422996
5p8wzn,پیتزا پارک بلوار ابوذر,3kmemg,پیتزا پارک (شعبه بلوار ابوذر),0.007957372
5p96n2,فست فود پیتزا سکه,dqvzox,پیتزا و ساندویچ سکه,0.02743632
5r1462,فست فود پتوو,dqrzvn,فست فود پتوو,0.040639888
5r3k42,شیرینی سرای محمد,xddk86,شیرینی سرای محمد,0.021356222
5r69y8,کافه تلخ,e59wy5,کافی شاپ تلخ,0.014005392
5r6l8n,کافی شاپ اتاق صورتی,e5z51o,کافه پینکی روم,0.021705555
5r93og,نان سنگک و لبنیات برکت,32q7dl,سنگکی سنتی برکت (نفت) (آزادپز),0.022150212
5r98px,آبمیوه ویتاسنتر VIP,37q69m,آبمیوه بستنی ویتا سنتر,0.022854988
5r99m1,نانوایی‌ بهار,o96o8o,نان بهار(آزادپز),0.026025633
5r9k1y,کباب مطهر,0971vq,اغذیه مطهر,0.008733561
5r9lo4,قنادباشی,vx1vxv,شیرینی قناد باشی,0.035983821
5r9nxg,نانوایی تافتون گندم طلایی,o9ow28,تافتونی گندم طلایی,0.101446672
5r9o67,کافه مهرداد ,6d2lon,آبمیوه بستنی مهرداد,0.091823511
5r9xp9,بریانکده سوخاری فلفل قرمز,0ym8lm,فست فود بریانکده فلفل قرمز,0.009442584
5rk482,نان فانتزی هانان,nndm1z,نان هانان,0.246069633
5rw9n6,فست فود سبحان ,3221ve,فست فود سبحان,0.036595685
5rwo49,تهیه غذای نمونه,r5q789,رستوران نمونه,0.004167021
5rwrr3,آشپزخانه کاووایی (معالی آباد),l2dxme,آشپزخانه کاوایی,0.176341556
5rww1g,تهیه غذای آریا پخت,31l5qk,تهیه غذای آریاپخت (صاحب الزمان),0.039494179
5rwwrz,کباب و حلیم بهاران,e5lz1m,کبابخانه بهاران,0.016731435
5rwwy6,کبابی گلستان,p6od8w,کبابکده گلستان (پونک),0.012688211
5rwxk4,نان لواش چهار باغ ,dqm15d,نانوایی لواشی چهارباغ,0.020617053
5rwy37,سوخاری کیلویی پر طلا,949dxq,سوخاری کیلویی پرطلا,0.032756014
5w13p3,هایپر مارکت ونو,85dgmy,مزه بار هایپر و نو ساقدوش,0.007448618
5w1k11,نان سنگک سنتی بهار,0911mn,نانوایی سنگگ بهار (شعبه سبلان - آزادپز),0.001513531
5w1n1r,کبابسرای صادق,85o5y2,کبابسرای صادق,0.033012309
5w1nyy,فلافل داعلی (شعبه ۳ تهرانسر),xdgwxw,فلافل داعلی (تهرانسر),0.034690375
5w1p36,غذاخانه تیله,44qq25,غذاخوری تیله,0.007023207
5w1rp1,نانوایی لواش شهرک کوهسار,12qgk4,نانوایی لواش کوهسار,0.410396722
5w3kpy,باغ رستوران کرمانشاهی,xdd6dy,رستوران کرمانشاهی,0.004205759
5w3row,گودفود,zn1rne,غذای سالم و رژیمی گود فود,0.019558719
5w3x71,میوه سرای قلهک,31y7q7,میوه سرای قلهک,0.011581721
5w3yg6,کته کبابی سرای گیلانی,y1x16r,سرای گیلانی,0.020287252
5w3ypn,کافی شاپ لانج,85owxg,کافه لانج,0.024562575
5w3zy8,کترینگ چلو ملو,pvnw8x,مطبخ چلو ملو,0.011884751
5w73pr,شیرینی  قصر زرین (ابوذر),p5ryzx,شیرینی قصر زرین,0.064006303
5w74m7,رستوران خوشپزخانه,meymxv,تهیه غذا خوشپزخانه,0.005037638
5w761l,ساندویچ ۱۳۵,zn9j42,ساندویچ 135,0.15560027
5w771n,باربیکیو آلپ,0wd24v,فست فود آلپ,0.014981735
5w79xp,نانوایی و سنگکی پایتخت,p8qx2r,نان سنگکی پاییتخت (دهقان),0.031099928
5w7wzl,راش کیک (ونک),27zwnl,راش کیک (ونک),0.043158917
5w7yyz,کبابسرای تویسلند (کبابسرای اصیل ایرانیان(گلپایگانی)),p8q7vg,کبابسرای اصیل ایرانیان( گلپایگانی),0.011738948
5w7znk,رستوران خوان امیر,37xm6g,کترینگ و تشریفات خوان امیر,0.015383068
5wlxr2,شیرینی پارسا (پیام),zn1qde,قنادی پارسا,0.033059474
5wm3z5,فست فود نسیم,0qvjoy,فست فود نسیم,0.0239712
5wmg85,شیرینی کیان,6d24vw,شیرینی کیان,0.029754243
5x41x1,نانوایی محلی کاشمری رادوین,vxlwk5,نان محلی رادوین,0.009144636
5x4869,خانه دیس کباب,xdg759,خانه دیس کباب,0.063761727
5x4kwk,نانوایی سنگک مجدیه,12z6wk,نان سنگک مجیدیه,0.070460463
5x4lgk,نانوایی لواش نیکنان,6d4eeo,مجتمع نان نیکنان,0.012312222
5x4ng1,مترو برگر اصلی ,4424wy,فست فود مترو,0.013972998
5x4pyx,تهیه غذای پارس,mejn9r,رستوران پارس,0.002439846
5x4rky,مجموعه غذایی به پخت(شهرک راه آهن),l2d76n,تهیه غذای به پخت (شهرک راه آهن),0.024337144
5x4yk7,آبمیوه بستنی بوی سیب,0mv11r,آبمیوه بستنی بوی سیب,0.137470112
5x7114,کباب سرای باباعلی,o9jmgo,کبابسرای باباعلی,0.022488891
5x7lwy,کافه رستوران زینوزیگ,gn965x,فست‌ فود زینوزیگ,0.014693387
5x7lx7,تهیه غذای شرکتی پارسی آنیسا,12jnjk,کترینگ پارسی آنیسا,0.226978356
5x7om9,نانوایی تافتون بازارچه,12zgyw,تافتون سنتی بازارچه,0.026672161
5x7w1p,کافه تو راه,dqr97n,تو راه کافی (سعادت آباد),0.041129135
5x7x93,کبابسرای یکتا شعبه اصلی,wd4l85,کباب سرای یکتا (قلهک),0.012191777
5x7z36,بمب اژدر نارمک ,zndye1,فست فود بمب اژدر (نارمک) (شبانه),0.228427221
5xg341,میوه فروشی ثارالله,3dv7yd,سوپر میوه ثارالله,0.023901508
5xg777,سبزیجات مادر بزرگ,94xdmk,ترشیجات و سبزیجات آماده مادربزرگ,0.023257072
5y41ln,کندی لیس(فلکه سوم تهرانپارس),r5j8zz,قهوه و شکلات کندی لیس (فلکه سوم تهرانپارس),0.014024863
5y43lp,فست فود شصت هفتاد,5oyjjj,ساندویچ شصت هفتاد,0.001927787
5y43np,باماهاس (هفت تیر),0jyrzg,باماهاس (کریمخان),0.006775184
5y466g,  فست فود تنورباز,94e5nk,فست فود تنور باز,0.036212922
5y47p1,نانوایی بابرکت,94e9kk,نان سنگک سنتی بابرکت,0.008221138
5y4kwr,آبمیوه بستنی آیس لند ,27r8yl,آیس لند پلاس(پیامبر مرکزی),0.461394302
5y4nm6,فست فود ۱۳۳۹,7jrl49,فست فود 1339,0.021702959
5y4ywg,نان و شیرینی نانکو,wdqy4v,مجموعه نان فانتزی نانکو,0.02340984
5ymgyo,سوپر میوه و سبزی خرد کنی شادی,31xzx7,سوپر میوه و سبزی خرد کنی شادی,0.207754289
5ymnmn,آویلانژ ,wd4lqg,رستوران آوی لانژ,0.002603786
5ymnw1,کترینگ امیران110,jygo9v,کترینگ امیران 110,0.018352602
5ymx9x,نانوایی سنگک سنتی برادران یوسفی,gnz6vr,نان سنگک سنتی برادران یوسفی (آزادپز),0.059472811
5ymxmx,فست فود کارو,31667y,فست فود کارو,0.01014987
5yn3k2,مجتمع نان کوثر,y19mwy,مجتمع نان کوثر(آزادپز),0.015669236
5yo1n8,رستوران مظفر,dqvkdw,تهیه غذای مظفر (پیروزی),0.029729265
5yo1wp,کترینگ اعیان,znkzg1,رستوران اعیان,0.005837633
5yowxo,طباخی شاهگوش,e52zj5,طباخی شاهگوش,0.040432361
5z4717,میوه سرای ماهد,p54djw,میوه سرای ماهد,0.006826077
5z4k61,فست فود چامپی,xdwyg2,چامپی برگر,0.002831815
5z4l3z,شیرینی نامداریزدی ظفر,nnlwo8,قنادی نامدار یزدی,0.033234454
5z4mgw,ساندویچی تک طهران,nnjql2,فست فود تک طهران,0.284893819
5z4nxm,سوسیس کالباس سامیان,mewnny,پروتئین سامیان,0.02174214
5z4p65,اغذیه امیر انفجار,0wnor5,اغذیه امیر انفجار,0.028722508
5z4wy8,نان فانتزی دهکده,6drz8n,دهکده نان,0.02439962
5z4xgl,نانوایی سنگک سنتی مشاهیر,3dy8q7,نانوایی مشاهیر (آزادپز),0.039059415
5z4z3l,کترینگ لادن,e5e5o2,رستوران لادن,0.002768159
5z4z9l,مجتمع نان ستارخان,znnmre,نان لواش ستارخان,0.279233939
5z9982,کافی شاپ آفرودیت,dqevdd,کافه آفرودیت,0.176741703
5zk1zp,سوپرگوشت سجاد,r5yjez,پروتئین سجاد,0.005780833
5zk4yg,تهیه غذای شبیر,me19gv,رستوران شبیر,0.030577213
5zk8n3,آش وحلیم آشینه ,85xjvr,آش و حلیم آشینه,0.011415705
5zkxm4,نان زرین ,314x27,نانوایی زرین (شعبه آذربایجان),0.01644283
5zkz47,آنافود,wd5rjg,رستوران آنا فود,0.056209105
5zl66p,فست فود تینو,3kdqqp,فست فود تینو,0.025966765
5zlmx6,مجتمع نان سنگک ملاصدرا,xdgedy,مجتمع نان ملاصدرا خوارزمی (آزادپز),0.03091897
5zlowr,بیرون بر شاپورجانی,xd1xv4,تهیه غذای  شاپورجانی,0.006867527
5zlx9o,غدای ایرانی مهرآرا,nnq8q8,غذای ایرانی مهر آرا,0.027180469
5zlylw,ساندویچ سرد ماه جان (دهکده پروتئین),wd9ny5,ساندویچ سرد ماه جان (دهکده پروتئین),0.04783385
5zmgn2,بستنی سنتی رز تبریز,vx5rmd,بستنی سنتی رز تبریز,0.011453104
5zmmo2,رستوران و کترینگ خانی,p59eyn,رستوران و کترینگ خانی,0.062424183
5zn6m5,سیزده و سیزده (فود کورت آبان),5o94jj,کافه سیزده سیزده 13:13,0.012887791
5zn9l5,فست فود عمو نوروز,6d4j7g,فست فود عمو نوروز,0.010691723
5zp4k5,ته چین بهشت (شعبه1),0qd41x,بیرون بر ته چین بهشت,0.102135799
5zwp32,آبمیوه عسل,jygew9,ویتامین سرا عسل,0.133717335
